fineAGE,lh_caudalanteriorcingulate_thickness,lh_caudalmiddlefrontal_thickness,lh_cuneus_thickness,lh_entorhinal_thickness,lh_fusiform_thickness,lh_inferiorparietal_thickness,lh_inferiortemporal_thickness,lh_isthmuscingulate_thickness,lh_lateraloccipital_thickness,lh_lateralorbitofrontal_thickness,lh_lingual_thickness,lh_medialorbitofrontal_thickness,lh_middletemporal_thickness,lh_parahippocampal_thickness,lh_paracentral_thickness,lh_parsopercularis_thickness,lh_parsorbitalis_thickness,lh_parstriangularis_thickness,lh_pericalcarine_thickness,lh_postcentral_thickness,lh_posteriorcingulate_thickness,lh_precentral_thickness,lh_precuneus_thickness,lh_rostralanteriorcingulate_thickness,lh_rostralmiddlefrontal_thickness,lh_superiorfrontal_thickness,lh_superiorparietal_thickness,lh_superiortemporal_thickness,lh_supramarginal_thickness,lh_transversetemporal_thickness,lh_insula_thickness,rh_caudalanteriorcingulate_thickness,rh_caudalmiddlefrontal_thickness,rh_cuneus_thickness,rh_entorhinal_thickness,rh_fusiform_thickness,rh_inferiorparietal_thickness,rh_inferiortemporal_thickness,rh_isthmuscingulate_thickness,rh_lateraloccipital_thickness,rh_lateralorbitofrontal_thickness,rh_lingual_thickness,rh_medialorbitofrontal_thickness,rh_middletemporal_thickness,rh_parahippocampal_thickness,rh_paracentral_thickness,rh_parsopercularis_thickness,rh_parsorbitalis_thickness,rh_parstriangularis_thickness,rh_pericalcarine_thickness,rh_postcentral_thickness,rh_posteriorcingulate_thickness,rh_precentral_thickness,rh_precuneus_thickness,rh_rostralanteriorcingulate_thickness,rh_rostralmiddlefrontal_thickness,rh_superiorfrontal_thickness,rh_superiorparietal_thickness,rh_superiortemporal_thickness,rh_supramarginal_thickness,rh_transversetemporal_thickness,rh_insula_thickness
1,1.0890832235134684,0.9732546239599593,0.8568992206234203,1.0131501395375277,1.0543540694634905,1.0163901418313532,1.1278154181477797,0.9340186172966004,0.9090313730496549,1.2201228782368352,0.8760390967895025,1.254263270991569,1.0901448454360134,0.9311801815135012,0.9392370593210452,1.0074853540164956,1.0825406701085578,1.0158528524004866,0.7124423708134331,0.8188316834210542,0.9647600065702455,0.8914278317506429,0.9980936048465865,1.2342142773914033,1.0611199016528656,1.132629236989029,0.9041472322576012,1.0273904272662022,1.016405223952705,0.9510746542225048,1.1984567984273458,1.0879869695174271,0.9710230386857647,0.8630821915500301,1.0333907962687885,1.0746880263729608,1.0173547922843815,1.1162123749183326,0.9510681328377527,0.9113933935308572,1.1992731888417743,0.8980928145422231,1.2498274767081328,1.0981720011928255,0.900698989109172,0.9384169776363207,0.9945699323613115,1.0708560496913127,0.9981609879213876,0.7399257816546811,0.8107602350534704,0.9774589440293459,0.8819889571391238,0.9951027117226063,1.244554186479343,1.0456781354036246,1.1229695038273486,0.9062321484053659,1.0327187276028216,1.0042580715575715,0.9608754960173145,1.1922745264601704
1.083,1.0895405686209605,0.9745225261106887,0.8566173558058044,1.0217170783554974,1.0541987626926037,1.0157887523915379,1.12727618954869,0.933254847331307,0.9082474836274912,1.2165695014396682,0.8767406503416507,1.2476931114006347,1.0893760008607225,0.9334539407966552,0.9409065056377361,1.0076220368905686,1.08116453270493,1.0146193862295372,0.7132844136302692,0.8197675620262149,0.9657309267158398,0.893941894384658,0.9972431835565689,1.2311962667023149,1.0586951260508863,1.131354090350869,0.9038418527749109,1.029171407604718,1.0161847356262628,0.9508027219984039,1.1987943535743935,1.0853964544634682,0.9725887641607913,0.8624289818561632,1.0428972025394592,1.074164131191755,1.0166391322300488,1.1161468468297688,0.9491396128560219,0.9115330171637074,1.196496334171532,0.8985624152273988,1.2439347786104917,1.0976468771692123,0.90373851131243,0.9395476784155651,0.9953685683086655,1.0714047875197934,0.9978360241549349,0.739568517584249,0.8115179731667561,0.9771116762622544,0.8843269216054747,0.9943847418963608,1.2417564314015002,1.0434432807991068,1.1215368516163275,0.9059496710935991,1.0350404029173783,1.0039517448701656,0.9615497935642638,1.1930542767047152
1.17,1.0899931150752609,0.9758302024154263,0.8562927951690436,1.0304688123729697,1.0540453108775705,1.0151736033939247,1.1267178976677443,0.9324781197068168,0.9074425005419958,1.212917133203282,0.8774450090526804,1.240949200614403,1.0885914328622797,0.9357909759406401,0.9426290177058326,1.0077641172884029,1.0797521816097952,1.0133532054153946,0.7141016112591712,0.8207223242230968,0.9667356802380915,0.8965298635638099,0.9963675194668178,1.2280781674238466,1.0562116645660033,1.1300500140543037,0.9035236763295754,1.03099825480395,1.0159584830399218,0.9505253128111343,1.1991501724696374,1.082751854284331,0.9741949214108783,0.8617230813032424,1.0526081018145934,1.0736267579341066,1.0159057079368787,1.1160729097051325,0.9471788541830478,0.9116675449106966,1.1936396183540843,0.8990276711325188,1.2378825219144631,1.0971130604673922,0.9068601915354918,0.9407199438541858,0.9961890162195355,1.0719615591628946,0.9975057711512687,0.7391635960494003,0.81228879390662,0.9767656653483064,0.8867350868785524,0.9936423695885284,1.2388764817649074,1.0411550750709215,1.1200761363640028,0.905654705644859,1.0374214296587276,1.0036418033966448,0.9622188834154225,1.1938556519607118
1.25,1.09038500538255,0.9770133961117118,0.8559680513818413,1.0383103658887078,1.0539126423604792,1.0146217003372413,1.126210780036277,0.9317854319051359,0.9067173572120173,1.2096239031338654,0.878064688318029,1.2348769714198153,1.087889258084463,0.9378981477605746,0.9441881955626731,1.0078936913464476,1.0784806632673984,1.012213046333328,0.7147939575884038,0.8215765825157954,0.9676478864324797,0.8988669209960019,0.995576530483264,1.2252519219068487,1.0539805682392762,1.1288802420601756,0.903232834758115,1.032642014731052,1.015754826306853,0.9502771145597497,1.199479165298554,1.080383955532054,0.9756402091918126,0.861054817287435,1.061308541670127,1.0731432534951295,1.015246403067919,1.116000178197229,0.9454306906386669,0.9117805671480828,1.191061498874079,0.8994311247566507,1.2324296248000668,1.0966372026326439,0.9096725964934578,0.9417862120074979,0.9969283869656985,1.0724569018460288,0.9972114590906772,0.7387637576322382,0.8129764255604924,0.97646374738772,0.888911126053289,0.9929689408004766,1.2362757999131733,1.0391000753642474,1.1187699680901702,0.9053844894809545,1.0395634225935233,1.003366869827755,0.9628000799690776,1.1945781379114917
1.33,1.0907536675573049,0.9781781301446794,0.8556181126488535,1.0459545368946672,1.0537880568136209,1.0140829720772002,1.1257096544652465,0.9311133855374196,0.9060066531649238,1.206393206677186,0.87865753461982,1.2289284002660499,1.087205542765169,0.9399652467530933,0.9457236691931792,1.0080222358632775,1.0772352003102006,1.0110960202954253,0.7154296813870408,0.8224081495919114,0.9685488781689603,0.9011630832504784,0.9947991648528486,1.2224649312021425,1.0517998157860753,1.1277386172501462,0.9029436549545373,1.0342511882471899,1.015555377116,0.9500355181349035,1.1998098855911223,1.078077295107346,0.9770551847082753,0.8603681963287788,1.0697894627747002,1.0726699352979676,1.0146015731921905,1.1159229021649493,0.9437350616442406,0.9118833556724092,1.1885300818031634,0.8998112318918555,1.2270844128585503,1.0961757238139043,0.912429331423183,0.9428412925415492,0.9976533250273997,1.0729363104055163,0.9969261231856017,0.7383375749986242,0.8136437755123653,0.9761774011586479,0.8910504076959823,0.9923043382778647,1.2337206727432657,1.037092115192563,1.11749926632181,0.9051152471447276,1.0416599477991622,1.0031015842444195,0.9633486456418769,1.195286817072961
1.42,1.091140647626735,0.9794663908654582,0.8551943157406083,1.0543182954951524,1.0536575597487619,1.0134926507837654,1.1251530505825766,0.9303820063377751,0.9052243705672672,1.2028334203723974,0.8792924129325824,1.2223840677199842,1.0864584278524774,0.9422428335681567,0.9474227430694581,1.0081656178212286,1.0758651988109738,1.0098670172196371,0.7160771890419048,0.8233165394577213,0.9695490890907834,0.9036973832696512,0.9939409126829292,1.2193764884271647,1.0494066459375484,1.1264879340198564,0.9026203140074345,1.0360201668834883,1.0153360261040945,0.9497716134027356,1.2001840107791577,1.075555501067972,0.9786107995356697,0.8595738054670417,1.0790681055103386,1.0721496280683307,1.0138934417223429,1.1158305345018402,0.9418902742297536,0.911986760277135,1.1857380615717474,0.9002109460689153,1.2211997668575523,1.0956737475603955,0.915464115138493,0.9440148854412093,0.9984516287786674,1.0734565987777676,0.996615849603282,0.7378266299645803,0.8143703012363007,0.9758738747362674,0.8934131628064914,0.9915672105853346,1.23090060675774,1.0348893869435851,1.1161121203897273,0.9048135135448677,1.0439641905104982,1.0028146703209004,0.9639267779240035,1.1960675777017653
1.5,1.0914599500198556,0.9805918981138753,0.8547908377478266,1.061543028667833,1.0535501505136484,1.0129819189665892,1.1246646581399729,0.9297538230172343,0.9045443499963046,1.1997356078427854,0.8798282391868136,1.2166982699029658,1.0858139388825427,0.9442247778024175,0.9489078452190033,1.0082919745629781,1.0746751035473239,1.0087991489005828,0.7165925899630258,0.8240998876986002,0.9704262501042105,0.9059066432714822,0.9931924966779326,1.2166729141985773,1.0473328742155905,1.1254061219760372,0.9023346654606073,1.037555844276326,1.0151455179404492,0.9495440458592834,1.2005184019319861,1.0733789720893483,0.9799613614901302,0.8588481760048315,1.0870825492691223,1.0716979556350266,1.013279371207231,1.1157436013552597,0.9403062811539806,0.9120678021612095,1.1833058871201465,0.9005414419151503,1.2160833859084057,1.0952428241506749,0.9181025512582072,0.9450461922843314,0.999145897385887,1.073902147324505,0.9963495880286781,0.7373444658710057,0.8149945525714244,0.975620618436663,0.8954743346935923,0.9909213638767822,1.228442283286713,1.0329813857837538,1.1149167849454962,0.9045463405924552,1.045964096791679,1.002569886706868,0.9644060029749847,1.1967469174359486
1.58,1.0917560242804423,0.9816989456989743,0.8543621648092594,1.0685703793307348,1.053450824248768,1.0124843619460553,1.1241822577578053,0.9291462811306583,0.9038787687082273,1.196700328925911,0.8803372324774872,1.2111361301267698,1.0851879093711299,0.9461666492092625,0.9503692431422139,1.0084173017635136,1.0735110636688734,1.0077544136256922,0.7170513683535511,0.8248605447228968,0.97129219665973,0.9080750080955975,0.9924577040260741,1.2140085947822814,1.0453094463671586,1.1243524571163166,0.9020506786816624,1.0390569352581993,1.0149592173190194,0.9493230801423695,1.2008545205484658,1.0712636814382936,0.9812816111801193,0.8581041895997726,1.094877474276946,1.071256469443538,1.0126797756853503,1.1156521236843029,0.9387748226281621,0.9121386103322244,1.1809204150776345,0.9008485912724583,1.2110746901321385,1.0948262797569634,0.9206853173496811,0.9460663115081928,0.9998257333086445,1.0743317617475954,0.9960923026095903,0.7368359575609787,0.8155985222045483,0.975382933868573,0.8974987490486498,0.9902843434336696,1.2260295144975122,1.0311204241589116,1.1137569160067375,0.9042801414677201,1.0479185353437033,1.00233475107839,0.9648525971451103,1.1974124503808212
1.66,1.0920288704084953,0.9827875336207554,0.853908296924907,1.0754003474838585,1.05335958095412,1.0119999797221637,1.123705849436074,0.9285593806780473,0.9032276267030348,1.1937275836217747,0.8808193928046032,1.205697648391396,1.0845803393182392,0.948068447788692,0.9518069368390903,1.0085415994228346,1.0723730791756219,1.0067328113949658,0.7174535242134807,0.8255985105306112,0.9721469287573419,0.9102024777419971,0.9917365347273541,1.2113835301782772,1.043336362392253,1.1233269394406948,0.9017683536706003,1.0405234398291079,1.0147771242398052,0.9491087162519941,1.2011923666285975,1.0692096291148083,0.9825715486056366,0.8573418462518648,1.1024528805338096,1.070825169493865,1.0120946551567012,1.1155561014889692,0.9372958986522981,0.9121991847901797,1.1785816454442117,0.9011323941408392,1.2061736795287517,1.094424114379261,0.9232124134129143,0.9470752431127933,1.0004911365469402,1.0747454420470388,0.9958439933460183,0.7363011050344999,0.8161822101356726,0.9751608210319971,0.8994864058716637,0.9896561492559967,1.2236623003901377,1.0293065020690593,1.1126325135734516,0.9040149161706623,1.0498275061665707,1.0021092634354665,0.9652665604343802,1.1980641765363829
1.67,1.092061342946433,0.9829223091659011,0.8538497919197374,1.0762402150452803,1.0533487438761335,1.0119403582970663,1.123646719712607,0.9284874694722965,0.9031472492144637,1.193360387353403,0.8808777761527425,1.2050265328804695,1.0845056909923052,0.9483033549904432,0.9519849818477857,1.0085570642406332,1.0722326631332373,1.0066067376582926,0.7174998124242894,0.8256891607804095,0.9722529817529717,0.910465536005614,0.9916473464570317,1.2110581572067658,1.043093266698997,1.123200728830124,0.9017331798872718,1.0407043210434506,1.0147546584477154,0.9490823849566257,1.2012347188509018,1.06895717839428,0.9827306594527306,0.8572452626108323,1.103384371403741,1.0707719732202834,1.0120225328635817,1.1155437791776823,0.9371147269908588,0.9122060370394746,1.1782925830031732,0.9011662279493842,1.2055686248170463,1.0943748547316114,0.9235243861219578,0.9472005729338892,1.000573297153601,1.0747960317164,0.9958135858240065,0.7362323961409706,0.8162537450698912,0.9751341518147971,0.8997322784605686,0.9895782455805762,1.2233696016902817,1.0290830692751318,1.1124944570079567,0.9039818314807885,1.0500629305697227,1.0020817558540855,0.9653160114867287,1.1981446715159545
1.75,1.0923080574253854,0.9839901299664496,0.8533675797213762,1.082848127874903,1.0532665939229977,1.0114707977193973,1.1231770524588665,0.927923790632896,0.9025123514025171,1.190457992363596,0.8813297493958563,1.1997271664410205,1.0839188878302521,0.95016007163903,0.9533960082900357,1.0086802036660882,1.0711239909483343,1.0056111601022506,0.7178382679372989,0.826401598969469,0.9730950975854377,0.9125469985770838,0.9909415034305922,1.2084772542665891,1.0411768195818083,1.1222068767366133,0.9014527243650775,1.0421319159020241,1.0145772988534933,0.9488754481211058,1.201574508327642,1.0669720191893097,0.9839864955807176,0.8564622677022197,1.110712819065775,1.0703521327926528,1.0114536967023176,1.115442644392425,0.9356949043836937,0.9122550985702377,1.1760063535799758,0.9014237660177222,1.200788760033149,1.093988865746919,0.9259888534034205,0.9481969184668212,1.001222463621877,1.0751917861267406,0.9955753747353902,0.7356679063709831,0.8168146160862659,0.9749295571761749,0.9016785830600337,0.9889599809515232,1.2210536365999618,1.027322066662143,1.1114099543933271,0.9037177017398679,1.051920750197289,1.0018671221949107,0.9656932650350359,1.1987808650335414
1.83,1.0925315437718042,0.9850394911036803,0.8528601725772298,1.0892586581947474,1.0531925269400952,1.0110144119383706,1.1227133772655622,0.9273807532274603,0.9018918928734555,1.1876181309865266,0.8817548896754125,1.1945514580423937,1.0833505441267208,0.9519767154602015,0.9547833305059511,1.008802313550329,1.070041374148631,1.0046387155903724,0.7181201009197127,0.8270913459419459,0.9739259989599961,0.9145875659708379,0.9902492837572909,1.2059356061387039,1.0393107163381456,1.1212411718272017,0.9011739306107658,1.043524924349633,1.0144041468014868,0.9486751131121244,1.2019160252680334,1.0650480983119088,0.9852120194442328,0.855660915850758,1.117821747976849,1.0699424786068372,1.010899335534285,1.1153369650827911,0.9343276163264831,0.9122939263879409,1.1737668265658678,0.9016579575971332,1.1961165804221316,1.0936172557782355,0.9283976506566427,0.9491820763804926,1.0018571974056911,1.0755716064134342,0.9953461398022899,0.7350770723845437,0.817355205400641,0.9747405342690667,0.9035881301274552,0.9883505425879098,1.218783226191468,1.0256081035841438,1.11036091828417,0.9034545458266245,1.0537331020956984,1.0016621365212903,0.9660378877024877,1.1994032517618174
1.92,1.0927552010343557,0.986197957316755,0.8522592237064308,1.096234571023353,1.0531188632596857,1.010516725933827,1.1221989050578354,0.9267945091103812,0.9012111364835851,1.184498034146299,0.8822010987131609,1.1888765960958587,1.082733222281763,0.9539725402074991,0.9563157340408155,1.008938456546617,1.0688545745765854,1.0035723667313616,0.7183694814063254,0.8278401881911617,0.9748473582246565,0.916834321771698,0.9894868207891251,1.2031231737626504,1.037271526850349,1.1201883984851064,0.9008622739690872,1.045050717283837,1.0142143800707841,0.9484576274728044,1.20230229668487,1.0629568862632552,0.9865545011620613,0.8547374527346147,1.1255568994948006,1.069493793389965,1.0102929813605952,1.1152126437326588,0.9328522124663635,0.9123253751977155,1.1713031826483609,0.9018935167739252,1.190989095792945,1.09321638198104,0.9310410044858864,0.9502770063322252,1.0025540213443358,1.0759798579787925,0.9950989798134424,0.7343808945785711,0.8179391254073914,0.9745464965838958,0.9056924338407838,0.9876754745742533,1.2162834665625328,1.0237361220655619,1.1092231462186908,0.9031596594526216,1.0557176498364014,1.0014430599962003,0.966386584103598,1.2000869334032795
2,1.0929293275991399,0.9872080916694351,0.8516982773024904,1.1022256635099184,1.0530619725885277,1.0100883365956652,1.121747962992958,0.9262953347521209,0.9006213614306545,1.1817910566962968,0.8825692189451573,1.183963661033979,1.0822041049275912,0.9557040292704124,0.9576526847757703,1.0090583786557772,1.0678273254704298,1.0026490799383319,0.7185309915112232,0.8284817163284014,0.9756544288761613,0.9187879869128066,0.9888235507412427,1.2006649421108844,1.0355124043379293,1.1192825063419047,0.9005870114715261,1.046370229608146,1.0140501690459853,0.948271321345217,1.2026474844855215,1.0611630968319388,0.9877156114635746,0.8538970923795992,1.1321993510600847,1.0691057849680072,1.009769379553179,1.1150973073087245,0.9315965603278061,0.9123424563751671,1.1691628982535678,0.9020780970643664,1.1865457471742973,1.092875327421376,0.9333315029290975,0.9512383905549674,1.0031580856736684,1.0763258182527362,0.9948888192108137,0.7337340791321709,0.8184366161050173,0.9743905636062555,0.9075238711526129,0.9870847920246995,1.2141098598529196,1.0221221179994155,1.1082494764336628,0.9028985729231926,1.0574333828103528,1.001258576291883,0.9666618661492314,1.2006799807042698
2.08,1.0930802260313903,0.9881997663587972,0.8511121359527645,1.1080193734867052,1.0530131648876027,1.0096731220541457,1.1213030129885173,0.9258168018278252,0.900046025660609,1.1791466128590322,0.882910506213596,1.1791743840129216,1.0816934470319417,0.9573954455059102,0.9589659312843904,1.009177271223723,1.0668261317494736,1.0017489261894656,0.7186358790855254,0.8291005532490587,0.9764502850697585,0.9207007568761996,0.9881739040464986,1.1982459652714097,1.033803625699036,1.1184047613828014,0.9003134107418475,1.0476551555214906,1.0138901655634025,0.9480916170441679,1.2029943997498245,1.0594305457281916,0.9888464095006161,0.853038375081735,1.1386222838744091,1.068727962787865,1.0092602527389942,1.1149774263604135,0.9303934427392033,0.9123493038395587,1.1670693162678636,0.9022393308658804,1.1822100837285294,1.092548651877721,0.9355663313440682,0.9521885871584488,1.003747717318539,1.0766558444030327,0.994687634763701,0.7330609194693186,0.8189138251006435,0.9742502023601294,0.9093185509323988,0.9865029357405855,1.211981807825133,1.020555153468259,1.1073112731541073,0.9026384602214411,1.0591036480551477,1.00108374057312,0.9669045173140092,1.2012592212159492
2.083,1.093085432862834,0.9882365950615103,0.85108966553172,1.108232797904199,1.0530114918378484,1.0096578077998049,1.1212864439276513,0.9257992583835593,0.9000247314584072,1.17904866268932,0.8829227825011682,1.1789971916599573,1.0816746564550086,0.9574580940730204,0.9590147169071859,1.0091817096672273,1.066789093843603,1.001715620433883,0.7186387108843962,0.8291233182185109,0.976479911520767,0.9207716902108227,0.9881498073122372,1.1981560172686998,1.033740525845742,1.1183723934975258,0.9003031830410627,1.0477026674294654,1.0138842472826501,0.9480850065590354,1.2030074426768023,1.059366766338642,0.9888882247587354,0.8530058160831612,1.138858873529244,1.068713992610345,1.0092414420673153,1.1149728424196512,0.9303493477907977,0.9123493615417742,1.1669917154512015,0.9022449229712698,1.182049591162442,1.0925366812616295,0.9356490544536116,0.9522240018969235,1.0037695477444066,1.0766679104151697,0.9946802649612096,0.733035163504626,0.8189313258954952,0.9742452417322394,0.9093851363752752,0.9864812878283761,1.211902892055011,1.0204973073642947,1.1072767804654882,0.90262872493911706,1.0591653985124088,1.0010773719171353,0.9669129819600842,1.2012806741499389
2.17,1.0932222218905026,0.98929333531802,0.8504226111006887,1.1143013634293708,1.0529679178994185,1.009221753694048,1.1208096066182616,0.9253031252520288,0.8994160323746314,1.176246360751085,0.8832623806138373,1.173934257366152,1.0811410217208504,0.9592503892193248,0.9604149996485477,1.0093097947391798,1.0657309331410185,1.0007639044388437,0.7186861959880125,0.8297696216899774,0.9773322185058378,0.9228037405679034,0.9874593356792096,1.195571538094818,1.031941426391605,1.1174509429848036,0.900007596252881,1.0490593556046472,1.0137151909733009,0.9478973409512719,1.2033867442810617,1.057554624674898,0.9900823246636618,0.8520503758383885,1.1455856897835173,1.0683150885773751,1.0087047872133834,1.1148371281667697,0.9291027306562676,0.9123447747518577,1.1647698605073111,0.9023928125425383,1.1774611797852486,1.092198329308682,0.9380139702302789,0.9532441856362177,1.0043938013508724,1.0770080775649447,0.9944720315715896,0.732272125277382,0.8194264422488015,0.9741109090435632,0.9112936289471371,0.9858588975663656,1.2096422013744932,1.0188485453148752,1.1062981880219298,0.9023469974603665,1.060928348310534,1.000898582747245,0.9671384957746114,1.2018943633637402
2.25,1.0933237605411186,0.9902457832228316,0.8497829304911688,1.1196756355728785,1.0529362865102383,1.0088345355953934,1.1203773897422478,0.9248684553749087,0.898871380080717,1.1737348008408877,0.8835466478347163,1.1694077536818415,1.0806695901745602,0.9608566506965643,0.9616778746762071,1.0094264995320452,1.0647851071136103,0.9999129084088262,0.718670760684799,0.8303402397753975,0.9781042439763815,0.9246296082786507,0.9868386386098844,1.1932359777314627,1.030339628483954,1.1166330107919105,0.8997375267799528,1.050270785394692,1.0135641285179255,0.9477316655316169,1.203737330405625,1.0559522050172352,0.9911487091387011,0.8511526500369704,1.1515421452520518,1.0679589121610908,1.0082264197598152,1.1147075901041583,0.928011248986318,0.9123298755759977,1.1627755211409216,0.9025044350550825,1.1733543473318506,1.0919022091740462,0.9401304998352384,0.9541706085487699,1.0049527635412612,1.0773042437024913,0.9942899214549485,0.7315429841545691,0.8198605526276783,0.9740036377269049,0.9130101989713304,0.9852957970963111,1.2076109530455872,1.0173815397955717,1.1054353510665031,0.9020889541424295,1.062501994630871,1.0007442489977851,0.9673118063175711,1.202444264448134
2.33,1.0934020710592007,0.9911797714643252,0.8491180549358635,1.124852525206608,1.0529127380912908,1.0084604922933809,1.1199511649266702,0.9244544269317534,0.8983411670696875,1.171285774543428,0.8838040820920378,1.1650049080383533,1.0802166180867923,0.9624228393463883,0.9629170454775321,1.0095421747836966,1.063865336471401,0.9990850454229724,0.7185987028509895,0.8308881666442354,0.9788650549890175,0.9264145808116826,0.9862315648936975,1.1909396721803986,1.0287881744498297,1.1158432257831161,0.8994691190749072,1.0514476287737724,1.013417273604766,0.9475725919385002,1.2040896439938398,1.0544110236871413,0.992184781349269,0.8502365672927034,1.1572790819696266,1.0676129219866217,1.0077625272994784,1.1145735075171703,0.926972301866323,0.9123047426870778,1.1608278841836217,0.9025927110786998,1.169355200051332,1.0916204680554191,0.9421913594119574,0.9550858438420613,1.0054972930471884,1.077584475716391,0.9941167874938235,0.730787498815304,0.8202743813045555,0.9739119381417609,0.9146900114634804,0.9847415228916965,1.205625259398507,1.0159615738112577,1.1046079806165492,0.9018318846521698,1.064030173222051,1.0005995632338796,0.9674524859796749,1.2029803587432168
2.41,1.093457153444749,0.992095300042501,0.8484279844347727,1.1298320323305586,1.0528972726425765,1.0080996237880109,1.119530932171529,0.9240610399225628,0.8978253933415431,1.1688992818587058,0.8840346833858016,1.1607257204356873,1.0797821054575463,0.9639489551687968,0.9641325120525225,1.0096568204941336,1.0629716212143911,0.9982803154812826,0.7184700224865842,0.831413402296491,0.979614651543746,0.9281586581669986,0.9856381145306488,1.1886826214416262,1.0272870642892313,1.1150815879584206,0.8992023731377441,1.052589885741888,1.0132746262338217,0.947420120171922,1.204443685045706,1.0529310806846166,0.9931905412953652,0.8493021276055875,1.1627964999362415,1.067277118053968,1.007313109832373,1.1144348804058057,0.9259858892962824,0.9122693760850983,1.1589269496354109,0.90265764061339,1.1654637379436938,1.091353105952801,0.9441965489604359,0.9559898915160918,1.0060273898686534,1.077848773606644,0.9939526296882145,0.7300056692595869,0.8206679282794331,0.9738358102881312,0.9163330664235868,0.9841960749525215,1.2036851204332537,1.0145886473619334,1.1038160766720675,0.9015757889895877,1.0655128840840742,1.0004645254555284,0.9675605347609233,1.2035026462489886
2.42,1.0934624055148738,0.992208443169696,0.8483399541025108,1.1304405922633336,1.0528959077953317,1.0080554415777288,1.119478824393886,0.9240133178972397,0.8977619368876029,1.1686053671677612,0.8840616218547719,1.1601995166913492,1.0797290893095677,0.9641369020259201,0.9642827786709821,1.0096710788183216,1.0628617388265367,0.9981813507807392,0.718449956169351,0.831477461276857,0.9797075625965155,0.92837379239423,0.9855648911272853,1.1884032502032689,1.027102965322764,1.1149883623292156,0.899169146738653,1.0527302360058817,1.0132570911552659,0.9474015253920282,1.2044880616394775,1.0527503936292084,0.9933141299575317,0.849184031922154,1.1634707422698916,1.067235858782514,1.0072579504219463,1.1144172324800148,0.9258662815605709,0.9122642357019013,1.1586926165800235,0.9026641152552237,1.164984876793957,1.091320696714537,0.9444432833551352,0.9561021108458664,1.0060926371732102,1.0778806904748564,0.9939327410984481,0.729906088237403,0.820715695594121,0.9738273891937995,0.9165358637796283,0.9841285145569133,1.2034458061261626,1.014420339023072,1.1037195824176735,0.9015438455040234,1.0656950259921207,1.0004483241072188,0.9675717464997692,1.2035669613973368
2.5,1.0934913562513215,0.9931032046266391,0.8476215392874115,1.1351980440637839,1.0528895356881292,1.0077093947185813,1.1190653327067355,0.9236431525012597,0.8972624073527042,1.1662892247973686,0.8842620360645335,1.1560594443846082,1.0793153435711593,0.9656179359174859,0.9654715779913462,1.0097845662948925,1.0619973358778756,0.9974026455137338,0.7182575754580257,0.8319771693104574,0.980444542886098,0.9300718626746162,0.9849867670365171,1.1861903611283242,1.0256584920198826,1.1142583900866312,0.8989042702903578,1.0538335832616623,1.0131191772693138,0.9472564806803055,1.2048440460879521,1.051339343745199,0.9942857886060974,0.8482289406743331,1.1687412016416763,1.0669115143719028,1.006824817322226,1.1142734927787263,0.9249389703592292,0.9122173561727296,1.1568442222420383,0.9027027799898709,1.1612145605058084,1.091069511004929,0.946385844121843,0.9569935724482286,1.0066064972246558,1.0781270624760064,0.9937786814677947,0.7290946214381774,0.8210864256542489,0.9737687795381231,0.9181375665161859,0.9835929961663582,1.2015569161779633,1.013100332050611,1.1029675782918484,0.9012888453975784,1.0671265856588428,1.0003241403126168,0.9676430855400547,1.2040737162651338
2.58,1.0934970788552356,0.9939795064202642,0.8468779295265267,1.1397581133544556,1.0528912465511595,1.0073765226560762,1.1186578330800212,0.9232936285392446,0.8967773171006909,1.1640356160397138,0.8844356173107375,1.1520430301186892,1.0789200572912727,0.9670588969816363,0.9666366730853759,1.009897024230249,1.0611589883144135,0.9966470732908922,0.7180085722161046,0.8324541861274757,0.981170308717773,0.9317290377772868,0.9844222662988872,1.184016726865671,1.024264362590527,1.1135565650281456,0.8986410556099452,1.0549023441064782,1.0129854709255774,0.9471180377951213,1.2052017580000784,1.0499895321887587,0.9952271349901916,0.8472554924836634,1.1737921422625013,1.0665973562031068,1.0064061592157372,1.1141252085530613,0.924064193707842,0.9121602429304981,1.155042530313142,0.9027180982355913,1.1575519293905396,1.0908327043113302,0.9482727348603105,0.95787384643133,1.0071059245916392,1.0783575003535093,0.9936335979926573,0.7282568104224997,0.8214368740123773,0.9737257416139612,0.91970251172070006,0.9830663040412427,1.1997135809115906,1.0118273646131395,1.102251040671496,0.9010348191188107,1.0685126775964082,1.0002096045035689,0.9676817936994848,1.20456666434362
2.67,1.0934757519074694,0.9949432808717829,0.8460112527118974,1.1446522575252418,1.052902832947425,1.0070177895848695,1.1182065583847078,0.9229250870460137,0.8962488500224993,1.1615750533963276,0.8845988224359647,1.1476723740714507,1.0784974250479151,0.9686320786272851,0.9679190711081188,1.0100223087840423,1.0602469916331398,0.9958247057570476,0.7176607619503408,0.8329637069518002,0.9819733904966897,0.9335444772506779,0.9838034871333518,1.181618310088003,1.0227561436438264,1.1128006565183424,0.8983469254264032,1.0560633584875398,1.0128400806166786,0.9469701807950731,1.205606248760117,1.0485441931261859,0.9962499170436713,0.846138420985911,1.1792120569539226,1.0662561040053815,1.005952470986284,1.1139529566723942,0.9231428651792738,0.9120837580478461,1.1530714508664983,0.9027074249119811,1.1535601868190701,1.0905834841986048,0.9503289438604551,0.95885078196117135,1.0076505288113498,1.078597696708528,0.9934811083940179,0.7272827834586344,0.8218068854433502,0.9736959370346046,0.9214191383382577,0.9824843255458964,1.1976942808175415,1.0104515031901515,1.1014873294059218,0.9007502035835925,1.0700176828811616,1.0000922840761228,0.9676863362790709,1.2051047275040687
2.75,1.0934321147297488,0.9957803558808576,0.8452141036912186,1.1487928889826342,1.0529217201222003,1.0067129139652293,1.117811791886421,0.9226194261311739,0.8957944432466167,1.15945432856574,0.8847153836346089,1.143918733142279,1.078141365117388,0.9699878849331772,0.9690337947211876,1.0101325789443187,1.059464011763226,0.9951182912530545,0.7172914358309038,0.8333925049335811,0.9826753256053111,0.9351147501007029,0.9832679360211408,1.1795280923014688,1.021468994945714,1.112158644226067,0.8980872420027409,1.0570586232090562,1.01271531530015,0.946845766791283,1.2059676315325032,1.0473245130158302,0.9971268498657634,0.8451259642916874,1.183796520228958,1.0659635916004435,1.0055645722404116,1.113795015332429,0.9223797244465399,0.9120048981653628,1.151369001556917,0.9026731318687317,1.150126386696171,1.0903772329140249,0.9520975357889114,0.9597072822533436,1.0081192867238515,1.078794274573281,0.9933550992493522,0.7263889909829959,0.8221142351847294,0.9736859890399103,0.9229059737871794,0.9819763892348407,1.1959477492500492,1.0092784947645335,1.1008461581096984,0.9004982466886393,1.071307155894269,0.9999982502363781,0.9676557038166826,1.2055683361552694
2.83,1.0933652494194945,0.9965989712266142,0.8443917597247546,1.1527361379302485,1.0529486902672085,1.0064212131422314,1.1174230174485702,0.922334406650299,0.8953544757536193,1.15739613734789,0.8848051118696955,1.1402887502539294,1.0778037646453829,0.9713036184116537,0.970124814107922,1.0102418195633804,1.0587070872785111,0.9944350097932253,0.7168654871808711,0.8337986116987798,0.9833660462560249,0.9366441277730122,0.9827460082620681,1.1774771293272264,1.020232190121128,1.1115447791178898,0.8978292203469614,1.0580193015196078,1.012594757525837,0.946727954614031,1.2063307417685414,1.0461660712330434,0.9979734704233838,0.844095150654615,1.1881614647530332,1.065681265437321,1.0051911484877707,1.1136325294680869,0.9216691182637605,0.9119158045698198,1.1497132546564246,0.9026154923365551,1.1468002717461516,1.0901853606454541,0.9538104576891273,0.960552594926255,1.0085736119518915,1.078974918314387,0.9932380662602024,0.7254688542909055,0.8224013032241089,0.9736916127767303,0.9243560517040577,0.9814772791892244,1.194246772364383,1.0081525258739048,1.1002404533189476,0.9002472636213634,1.0725511611782195,0.9999138643821877,0.9675924404734387,1.2060181380171586
2.92,1.0932622610682892,0.9974978484242809,0.8434365069288482,1.1569363592150947,1.0529886933556991,1.0061087977154703,1.1169928085907281,0.9220384326983508,0.8948767717793207,1.1551554194367841,0.8848739823574155,1.1363528295064564,1.0774460289358923,0.9727359190234197,0.9713238769599577,1.0103634846363423,1.0578866915608278,0.9936939693677695,0.7163186133309816,0.8342283587148074,0.9841297022063603,0.9383157951372472,0.9821751236974094,1.1752167177490205,1.0189009613547926,1.1108878255521841,0.8975409323161315,1.0590587230496225,1.0124641593575394,0.9466033071604069,1.2067413056429803,1.044936023165831,0.9988896859220806,0.8429135430296595,1.1928096338356111,1.0653758242459779,1.0047883489063962,1.113444300743908,0.92093248151237606,0.9118033417896924,1.1479063633667355,0.9025227415128109,1.1431871098605881,1.0899866917608854,0.9556709517462388,0.9614901989821327,1.0090674762652905,1.0791590962659594,0.9931171334582991,0.7244022109410759,0.8227000117964893,0.9737165525659783,0.925943452623025,0.9809263305333149,1.1923876254486292,1.006942037816115,1.0996014289866751,0.8999660716990737,1.0738963189776563,0.9998304626539564,0.9674822651125167,1.2065076616839363
3,1.0931460359764007,0.9982772369854871,0.8425606237025901,1.1604601703294297,1.053032839812452,1.0058450933353373,1.1166167672813043,0.9217972762646511,0.8944674877624542,1.1532301121460016,0.8849066905449423,1.1329856199548538,1.0771476548132466,0.9739664977436381,0.9723645248657312,1.010470537480324,1.057185134769661,0.9930598456267885,0.715772341803433,0.8345862466447685,0.9847965921340206,0.939758270556911,0.9816821455637555,1.173249171250897,1.0177711372614493,1.1103337732102172,0.8972864419171025,1.0599459052368743,1.0123525426104343,0.9464995238645492,1.207108086739278,1.0439077128291285,0.999671892917699,0.8418437208890333,1.1967081010138967,1.0651151438467128,1.0044456845143719,1.1132721577652658,0.92033351124825,0.9116925015538974,1.1463498590855579,0.9024154906916645,1.1400898259029384,1.0898253749013338,0.9572655748364437,0.962311737964115,1.0094911320388489,1.0793058799943154,0.9930191747996209,0.7234260927890248,0.8229439812191196,0.9737552662322662,0.9273154207843111,0.9804459763017583,1.1907834522618441,1.0059160279373394,1.0990710905200531,0.8997171580156123,1.0750437053371489,0.9997665787690692,0.9673496611474547,1.2069281241185401
3.08,1.0930065827519782,0.9990381658833754,0.8416595455305466,1.1637865989339862,1.053085069239438,1.0055945637518469,1.1162467180323172,0.9215767612649165,0.8940726430284727,1.1513673384679564,0.8849125657689115,1.1297420684440735,1.0768677401491233,0.975157003636441,0.9733814685451702,1.010576560783091,1.0565096333636936,0.9924488549299715,0.7151694477452888,0.8349214433581477,0.9854522676037734,0.9411598507988591,0.98120279078324,1.1713208795650651,1.0166916570416324,1.109807868052349,0.8970336132859559,1.0607985010131618,1.0122451334055447,0.9464023423952296,1.2074765952992277,1.0429406408199955,1.0004237876488458,0.8407555418055581,1.2003870494412225,1.0648646496892635,1.0041174951155787,1.1130954702622466,0.9197870755340783,0.9115714276050427,1.1448400572134696,0.902284893381591,1.1371002271181687,1.0896784370577914,0.9588045278984079,0.9631220893268364,1.0099003551279453,1.0794367295990246,0.9929301922964586,0.7224236304205216,0.8231676689397501,0.9738095516300682,0.9286506314135535,0.9799744483356416,1.1892248337568851,1.0049370575935532,1.0985762185589036,0.8994692181598283,1.0761456239674847,0.9997123428697362,0.967184426301537,1.2073347797638332
3.16,1.092843901395022,0.9997806351179457,0.8407332724127176,1.1669156450287645,1.0531453816366567,1.0053572089649985,1.115882660843766,0.9213768876991466,0.8936922375773764,1.149567098402649,0.8848916080293232,1.1266221749741154,1.0766062849435218,0.9763074367018283,0.9743747079982749,1.010681554544644,1.055860187342925,0.9918609972773182,0.7145099311565488,0.8352339488549445,0.9860967286156185,0.9425205358630917,0.9807370593558626,1.1694318426915244,1.0156625206953411,1.1093101100785798,0.8967824464226919,1.0616165103784843,1.0121419317428706,0.9463117627524485,1.2078468313228292,1.0420348071384318,1.0011453701155208,0.8396490057792342,1.2038464791175882,1.0646243417736294,1.0038037807100169,1.112914238234851,0.9192931743698612,0.9114401199431285,1.1433769577504707,0.9021309495825905,1.1342183135062787,1.0895458782302578,0.9602878109321317,0.9639212530702971,1.01029514553258,1.0795516450800866,0.9928501859488126,0.7213948238355663,0.823371074958381,0.9738794087593845,0.9299490845107525,0.9795117466349647,1.1877117699337523,1.0040051267847567,1.0981168131032266,0.8992222521317217,1.077202074868664,0.9996677549559576,0.9669865605747636,1.2077276286198153
3.17,1.0928219329973337,0.99987214582719,0.8406157167533634,1.1672928973328929,1.0531534890201537,1.0053284659695312,1.1158375750119465,0.921353354854251,0.8936457021580672,1.149346465289131,0.8848871016191245,1.1262408829963657,1.076574900973499,0.976448423214324,0.9744971962264988,1.0106946063752213,1.0557808386096008,0.9917891416129045,0.7144235103112738,0.8352714165658781,0.9861764977255274,0.9426877460539377,0.980679800819458,1.1691984731863212,1.0155374184556623,1.1092498694307404,0.8967511674078381,1.0617163296921286,1.0121293273778482,0.9463009044880294,1.2078932322880673,1.0419258837481433,1.0012334365927598,0.8395093980533996,1.204263472914957,1.0645950195043026,1.0037655841822832,1.1128912646945561,0.9192351305598777,0.9114229869274396,1.1431973540807348,0.9021100650577127,1.1338656459185106,1.089530319401379,0.9604693070124865,0.9640203619087503,1.0103434795350328,1.0795648891471503,0.9928408162912915,0.7212643706847277,0.8233950746535381,0.9738892357879211,0.9301088066339306,0.9794545295191688,1.1875258400194266,1.0038919429009614,1.0980618811599332,0.8991914498504668,1.077330934281605,0.9996628598407196,0.9669595330001068,1.2077757639369398
3.25,1.0926331199912767,1.0005938479405276,0.8396610993215259,1.1701998881041702,1.0532228947588844,1.0051059328289054,1.115480258891386,0.9211767029016916,0.8932815409002166,1.1476165755381533,0.884835956795534,1.1232601048223325,1.0763342126587352,0.9775537743488688,0.9754637684249771,1.0107984419029084,1.0551607048971814,0.9912273086349358,0.7137002933756136,0.8355583944440198,0.9868083424722266,0.9440024240432403,0.9802293956643614,1.1673535979766083,1.014564918967088,1.1087837770390825,0.8965018700334421,1.062495429345116,1.0120308592001663,0.9462177519001039,1.208265411708277,1.0410889431850945,1.0019209177619042,0.8383822104663706,1.2074759439964928,1.064366171110711,1.0034681541441066,1.1127049200772368,0.9188003307643594,0.9112801663383332,1.1417867948279614,0.9019298564586695,1.1311048781261106,1.0894139369668558,0.9618899612644396,0.9648069395805425,1.0107220331696478,1.0796618787391097,0.9927709081186009,0.7202059268562638,0.8235756637574194,0.973976611115191,0.9313659075075806,0.9790017573671115,1.186064025213348,1.0030129315690282,1.0976423755229128,0.8989455793784974,1.0783362339874831,0.9996291259106899,0.9667249575323708,1.208153080154947
3.33,1.0924210788526858,1.0012970903905474,0.8386812869439029,1.1729094963656692,1.0533003834678478,1.0048965744849219,1.1151289348312619,0.9210206923830971,0.8929318189252512,1.145949219399913,0.8847579790083858,1.1204029846891215,1.0761119838024933,0.978619052655998,0.9764066363971208,1.0109012478893808,1.054566626569961,0.990688608701131,0.7129204539093577,0.8358226811055793,0.987428972761018,0.9452762068548272,0.9797926138624029,1.1655479775791868,1.0136427633520402,1.108345831831523,0.8962542344269285,1.0632399425871393,1.0119365985647002,0.9461412011387169,1.208639318592138,1.0403132409496152,1.0025780866665774,0.8372366659364929,1.2104688963270687,1.0641475089589347,1.0031851990991616,1.1125140309355406,0.9184180655187957,0.911127112036167,1.140422937984277,0.9017263013706991,1.1284517955065907,1.0893119335483414,0.9632549454881523,0.965582329633074,1.0110861541198006,1.0797429342074218,0.9927099761014264,0.719121138811348,0.8237359711593011,0.974079558173975,0.9325862508491872,0.9785578114804941,1.1846477650890963,1.002180959772085,1.0972583363913648,0.8987006827342051,1.0792960659642044,0.9996050399662144,0.9664577511837792,1.2085165895836434
3.42,1.092154767694602,1.0020661730805098,0.837548882185443,1.1757218718786357,1.0533972199407886,1.004676794347052,1.1147408576483626,0.9208698535137144,0.8925556411587386,1.1441481909533682,0.8846381802210918,1.1173365345411794,1.0758840411607358,0.9797695911999981,0.977439028907742,1.0110156740006795,1.0539294327794586,0.9901102224924527,0.7119754528912172,0.8360928805050127,0.988113777054191,0.9466603300007495,0.9793175184994978,1.163563576399905,1.0126655149464354,1.107886788154012,0.8959776307015229,1.064036178415059,1.0118355846776053,0.9460629727779406,1.2090620286953784,1.039513774873123,1.0032811690557084,0.8359259860571313,1.21357357419196,1.0639136897803565,1.002884176813945,1.1122938485243385,0.9180508123217789,0.9109426934610884,1.1389444230084966,0.9014693955466869,1.1255957949928381,1.089214367120086,0.9647240096591978,0.9664412707410243,1.0114785386205767,1.0798150753521012,0.9926521568929954,0.7178692626895897,0.8238920740144966,0.9742139867004327,0.9339152003709741,0.978068922503458,1.183108924529933,1.001301218444691,1.0968686859256958,0.898426338037772,1.0803215287930081,0.9995894756364124,0.9661181399418409,1.2089090342630788
3.5,1.0918933667743769,1.0027301887459792,0.8365155305480261,1.1780120423068556,1.053491884961497,1.0044954324459336,1.1144022667166655,0.9207577060422952,0.892236602659904,1.1426137187421954,0.8845031823863838,1.1147421877447155,1.0757010386538535,0.9807497147488691,0.9783315253989251,1.0111162922120716,1.0533907221457863,0.9896206802774963,0.7110752905474453,0.8363089483313347,0.988710576619929,0.9478472105596909,0.9789096863229582,1.161841372478603,1.0118503400626304,1.1075086557126623,0.89573352635176,1.0647071955337823,1.0117502650693466,0.9460004508979476,1.2094396064394992,1.038868204083728,1.0038739243983792,0.8347414330236996,1.2161000491767462,1.063716673392438,1.0026319811296163,1.1120933022683421,0.9177801829948684,0.9107678925186703,1.137679808784127,0.9012162291697466,1.1231715433656877,1.0891429191105906,0.9659706950728993,0.9671928871026265,1.0118119901162481,1.0798622708076635,0.9926102992062924,0.7167284931847132,0.824009282799629,0.9743500236886845,0.9350574339569884,0.9776437324309001,1.1817894681045615,1.0005692056596007,1.0965600131182769,0.8981835107772944,1.0811847418452711,0.9995858916612402,0.9657815929714312,1.2092432042644894
3.58,1.0916087377216181,1.0033757447481304,0.8354569839648236,1.180104830225297,1.0535946329524384,1.0043272453414573,1.1140696678454047,0.9206662000048409,0.8919320034439545,1.14114178014376,0.8843413515881182,1.1122714989890736,1.0755364956054931,0.9816897654703245,0.9792003176637736,1.0112158808822496,1.0528780668973132,0.9891542711067036,0.7101185056730779,0.8365023249410747,0.9892961617277595,0.9489931959409167,0.9785154774995569,1.160158423369592,1.0110855090523516,1.107158670455412,0.8954910837698795,1.065343626241541,1.0116691530033037,0.945944530844493,1.2098189116472722,1.038283871621902,1.0044363674765786,0.833538523047419,1.2184070054105725,1.063529843246335,1.002394260438519,1.111888211487969,0.9175620882179123,0.9105828578631926,1.1364618969688467,0.9009397163038794,1.1208549769114171,1.0890858501171043,0.9671617104583604,0.967933315844968,1.0121310089274573,1.0798935321395786,0.9925774176751054,0.7155613794633846,0.8241062098827617,0.9745016324084506,0.9361629100109592,0.9772273686237819,1.1805155663610165,0.9998842324095001,1.0962868068163307,0.8979416573444942,1.0820024871683778,0.9995919556716223,0.9654124151201656,1.2095635674765894
3.67,1.091260765160095,1.004079930184241,0.834236003225087,1.182223282852324,1.0537198861176036,1.004153782848033,1.1137026564999768,0.9205879286767409,0.891606588781335,1.1395605964294955,0.8841272181633171,1.109639784140897,1.0753734494976026,0.9826994229804418,0.9801493750036877,1.0113266875127167,1.0523324740704014,0.9886572120064141,0.7089744410708116,0.836692750532211,0.989941540192351,0.9502335469776826,0.9780882767375285,1.1583120273897722,1.010285250827112,1.1067985817219979,0.8952203221971861,1.0660182692184135,1.01158293125681,0.9458895120301406,1.210247694864913,1.0376996965407703,1.0050328833109266,0.8321633070408545,1.2207399376666201,1.0633318350741388,1.0021441268013813,1.1116520522332554,0.9173795267980793,0.9103624613906384,1.1351475701500207,0.9006007329797332,1.1183775570835706,1.0890388349170055,0.9684350596863729,0.9687529254789544,1.012472653521922,1.0799096548808118,0.9925511552634104,0.7142168869556619,0.8241910098793647,0.974690805303513,0.9373626338341556,0.9767695094861825,1.1791368789801486,0.9991698644473042,1.0960218432839635,0.8976707362609894,1.082868102511865,0.999610310041035,0.9649580859377193,1.2099074726623535
3.75,1.0909267763257018,1.0046862594018418,0.8331239173820906,1.1838966329374863,1.05383981042029,1.0040135921864215,1.113382790757143,0.9205402856864618,0.8913326730415165,1.1382215417581276,0.8839083673174917,1.1074318687220024,1.0752481327986017,0.983554318943639,0.9809677957875754,1.011424088407814,1.0518751865154765,0.9882399605544699,0.7078973333189282,0.8368379083067135,0.9905032945771279,0.9512926301062627,0.977723017539546,1.1567124947568808,1.0096274005480763,1.1065084092309574,0.8949814108720561,1.0665812038028724,1.011510760217975,0.94584762085808,1.2106306709329457,1.0372454955250288,1.005530912827124,0.8309213885610202,1.2225804165546565,1.0631666506918935,1.0019371654709006,1.111437304338582,0.9172730679397767,0.9101556800949088,1.134028900954055,0.900274608824896,1.1162898216216695,1.0890123213325382,0.9695077762618228,0.9694695805303667,1.0127610028786498,1.0799070561999773,0.992537348062695,0.7129937917743726,0.8242448383457481,0.9748755039527468,0.938390000132534,0.976371901493124,1.1779597809354843,0.9985848502090563,1.095824003306146,0.8974309522120035,1.0835892289105136,0.9996368760207202,0.9645195674646356,1.2101984964471677
3.83,1.0905695593587748,1.0052741289561244,0.8319866365933088,1.18537260051287,1.053967817693209,1.0038865763214524,1.1130689170747456,0.9205132841301477,0.8910731965845831,1.136945020699497,0.8836626835081088,1.10534761134393,1.0751412755581229,0.9843691420794207,0.9817625123451287,1.0115204597616974,1.0514439543457503,0.9878458421466896,0.7067636030364493,0.8369603748646338,0.9910538345039973,0.9523108180571274,0.9773713816947018,1.1551522169362807,1.0090198941425663,1.1062463839240153,0.8947441613148086,1.0671095519763667,1.0114427967213555,0.9458123315125577,1.2110153744646301,1.0368525328368563,1.0059986300788495,0.8296611131383369,1.2242013766917335,1.0630116525514635,1.001744679133651,1.1112180119195316,0.9172191436314285,0.9099386650861194,1.1329569341671784,0.8999251381811318,1.1143097713326484,1.0890001867640802,0.9705248228090324,0.9701750479625182,1.0130349195509156,1.0798885233954956,0.9925325170174957,0.7117443523766314,0.8242783851101321,0.9750757743334949,0.939380608898869,0.9759831197655051,1.176828237572646,0.9980468755057984,1.095661629833801,0.8971921419906952,1.0842648875800054,0.9996730899859598,0.9640484181106963,1.210475713442671
3.92,1.0901399253938122,1.005913417138383,0.8306770798722951,1.1867971302539573,1.0541214875505995,1.0037594314724738,1.112722971566789,0.9205075803433305,0.8907985450258565,1.1355836817175131,0.8833542154458006,1.1031506317955186,1.075043125984099,0.985237918555655,0.9826282345143356,1.011627646911333,1.0509899624824295,0.9874301101547889,0.7054204748500575,0.8370710266474731,0.9916597871400076,0.953407396984737,0.9769920755335503,1.1534438261559228,1.0083966260976922,1.1059852501346987,0.8944792418948274,1.0676626021021918,1.011371367115463,0.9457805222446294,1.2114502307966715,1.036483648751085,1.0064885793584146,0.8282213610045692,1.2257625633389375,1.0628494553856498,1.0015454341445924,1.1109658758213063,0.9172212739887793,0.9096822907160897,1.131806795505307,0.8995040773568517,1.1122109321907074,1.089003722792138,0.9716024570940117,0.970955326122541,1.0133258242390688,1.0798486277332822,0.9925378114025368,0.7103072434829445,0.8242918822481424,0.9753196915971621,0.9404511070234752,0.9755562904673425,1.1756097033700734,0.9974978809088004,1.0955213532347359,0.8969246445201187,1.084970655438176,0.9997253630545873,0.9634793709877418,1.210771079134764
4,1.0897333486452507,1.0064620599081153,0.8294862598237194,1.1878536599960619,1.0542666711352635,1.0036604120503698,1.1124218310128187,0.9205244418341917,0.890569752045054,1.13444004458595,0.8830515115888579,1.1013291477541933,1.0749754950929795,0.9859675869331787,0.9833725795909279,1.0117218304901356,1.0506140980062515,0.9870851494658569,0.7041664216900625,0.837145274370156,0.9921864963438233,0.954338682682956,0.976669389314125,1.151966964811442,1.0078961004234255,1.1057830375939668,0.8942455235943303,1.0681174541523863,1.0113123446460512,0.9457592617805011,1.2118386051886159,1.0362208175089969,1.0068918830481381,0.8269220770783323,1.2269170461302246,1.0627161030090775,1.0013837071679597,1.110736926287956,0.9172789855990844,0.9094435290670485,1.1308340713377452,0.8991049954241176,1.110459712894056,1.089022143632699,0.9725012048312103,0.9716370198637633,1.013569071456853,1.0797962349160506,0.992552054687809,0.7090018226252425,0.8242823303957771,0.975553051907378,0.9413636060342179,0.9751862645537832,1.174574963706116,0.9970598652173953,1.09543434608652,0.8966879036826247,1.0855496951832098,0.9997820789891299,0.9629388810119841,1.2110189567029814
4.08,1.0893035437641554,1.0069922430145295,0.8282702448293583,1.188712807228388,1.0544199376901602,1.003574567424908,1.1121266825192846,0.9205619447590176,0.8903553983471365,1.1333589410671243,0.8827219747683575,1.0996313217536904,1.0749263236603825,0.9866571824832867,0.984093220441186,1.0118149845277238,1.0502642889152727,0.9867633218210887,0.7028557459994718,0.8371968308762566,0.9927019910897315,0.9552290732034594,0.9763603264478379,1.1505293582792522,1.007445918622685,1.1056089722373335,0.8940134670617159,1.0685377197916166,1.011257529718855,0.9457446031429113,1.212228707044212,1.036019224594478,1.00726487447339,0.8256044362092463,1.2278520101705512,1.062592936874321,1.0012364551845583,1.1105034322302287,0.917389231759344,0.9091945337049475,1.1299080495792728,0.8986825670024565,1.1088161787702844,1.0890549434892691,0.973344282540168,0.9723075259857248,1.0137978859901755,1.079727907975172,0.9925752741285974,0.7076700575510884,0.8242524968414122,0.9758019839491081,0.942239347512917,0.9748250649056637,1.173585778723985,0.9966688890609798,1.0953828054437766,0.8964521366728082,1.086083267199087,0.999848442909227,0.962365760155371,1.2112530274818882
4.083,1.0892869742213485,1.007011765782882,0.82822415414664,1.1887411855429648,1.054425842424999,1.0035716045424188,1.1121157310150775,0.9205637526590938,0.8903476409726394,1.1333196161593535,0.8827090951525945,1.0995700588139967,1.0749248388258141,0.9866822627746948,0.9841197833517926,1.0118184577763396,1.0502516779330262,0.9867517032944096,0.7028054941759092,0.8371983228301628,0.9927211039864515,0.9552616673089743,0.9763490016071436,1.1504762116630656,1.0074300161508216,1.1056029923371506,0.8940047972683213,1.0685528069393118,1.01125555600893,0.9457441818701585,1.2122433694683632,1.0360128561370245,1.0072782719835671,0.8255546675767518,1.2278828009963614,1.0625885162985027,1.0012312148190332,1.1104945877978631,0.9173943879515207,0.9091849973011694,1.129874232271132,0.8986662717744768,1.108756641053772,1.0890564532006861,0.9733748149982359,0.9723324523311424,1.01380618577436,1.0797250357463901,0.9925763194719023,0.707619603883472,0.8242509835406392,0.9758116218195125,0.9422714727695027,0.9748116916173042,1.1735495704680747,0.9966551425210685,1.095381562604038,0.8964433143539315,1.0861023916602637,0.9998511192396996,0.9623436333506438,1.211261536550899
4.17,1.0887922483957537,1.007566633942936,0.8268721121270678,1.1894434140835355,1.0546020242397758,1.0034937402203747,1.111801802848799,0.9206288085134832,0.890131509892303,1.1322174468174209,0.8823191720685422,1.0978690775050444,1.0748930706202253,0.987385077925638,0.9848756074396857,1.0119185521965282,1.0499018980155423,0.9864289169375767,0.7013135542289545,0.8372277088507989,0.9932685178971605,0.9561818800219126,0.9760289148875632,1.1489589726983562,1.0069996407581758,1.1054467933921144,0.8937543897944469,1.068969177066394,1.011200892253564,0.9457360034214067,1.2126696364906537,1.0358656315040669,1.0076482571981722,0.8241001479482756,1.2286414512089123,1.0624665507148894,1.0010880988435784,1.1102353192884917,0.9175760538938785,0.9089021814374424,1.1289220990743556,0.8981794286780422,1.1070959203142494,1.0891090307454834,0.9742262018821145,0.9730484726717838,1.014038050772017,1.079631993909512,0.9926121253103746,0.7061403322714372,0.8241946911208301,0.9761006455813801,0.9431806199389329,0.9744292654469379,1.1725273976997077,0.9962852678291798,1.0953672157780128,0.8961880628151602,1.0866291875719412,0.9999346346770691,0.9616819950919083,1.21149985368031
4.25,1.0883130837330242,1.0080575902648,0.8256025578729126,1.1898831234825824,1.0547724671064174,1.0034358920377777,1.1115193874836922,0.9207101744854845,0.8899478396705164,1.1312692272256624,0.881932615200482,1.0964340248412883,1.0748831255369877,0.9879895187174879,0.9855458768089828,1.012009518459036,1.0496074566181113,0.986156247011657,0.699882555660848,0.8372310465216622,0.9937601819200151,0.9569853682897704,0.9757488016466949,1.1476047826422862,1.0066564396886784,1.1053325408016912,0.8935258645185828,1.0693159465823245,1.0111550183535756,0.945735373665211,1.21306340920651,1.0357941700356323,1.007956835061422,0.8227434985756359,1.2291099379034494,1.0623650303439907,1.0009716062207934,1.1099921681164644,0.9177979359727915,0.9086314394350895,1.1280953199351977,0.8977073889674113,1.1056812171828474,1.0891723860110727,0.9749509807810612,0.9736952051028162,1.014236195850858,1.0795298069558839,0.9926544190816344,0.7047525857373226,0.8241217589497158,0.976382667552578,0.9439782516620396,0.9740868216128779,1.171635016416457,0.9959942506846176,1.0953910414593984,0.895954365189158,1.0870661406633602,1.0000215005664692,0.9610395336134769,1.2117045850319308
4.33,1.0878106909377605,1.0085300869233458,0.824307808672972,1.190125450371851,1.054950992943292,1.003391218651823,1.1112429641790214,0.920812181891451,0.8897786087316151,1.1303835412466416,0.8815192253688643,1.0951226302183545,1.0748916399122719,0.9885538866819222,0.9861924419519456,1.0120994551803297,1.0493390706058798,0.9859067101299012,0.6983949345621456,0.8372116929759433,0.9942406314849622,0.9577479613799127,0.975482311758965,1.1462898473985073,1.0063635824927069,1.1052464353953668,0.8932990010106016,1.0696281296872903,1.0111133519958029,0.9457413457355536,1.2134589093860175,1.0357839468947674,1.0082351006602004,0.8213684922601473,1.2293589058470267,1.0622736962149069,1.0008695885912398,1.10974447242006,0.9180723526016589,0.908350463719677,1.1273152432051292,0.8972120027678534,1.1043741992243254,1.089250120292671,0.9756200896517676,0.9743307499145877,1.0144199082452368,1.0794116858786083,0.9927056890084104,0.7033384949867557,0.824028545076602,0.9766802612552901,0.944739125853103,0.9737532040442577,1.1707881898150327,0.9957502730750447,1.0954503336462564,0.8957216413908333,1.0874576260256226,1.000118014441424,0.9603644412541897,1.211895509594241
4.42,1.0872177341659197,1.0090395805979002,0.8228210999894048,1.1901621343410589,1.0551614961851323,1.0033567090917357,1.1109391503460069,0.9209516131871991,0.8896054833806745,1.1294618917292187,0.881022088031542,1.093795121269474,1.0749232834059816,0.9891409010903907,0.9868914937797381,1.0121994033683026,1.04906828066974,0.9856536323547779,0.6966536792075029,0.8371627971421886,0.9947677324638099,0.9585569960892095,0.975198794799567,1.144857467017073,1.006094294808563,1.1051832114942448,0.8930457658960446,1.0699379941110208,1.011071506671113,0.945755955560473,1.2139059119468598,1.0358456447997162,1.0085119168301995,0.8197996678719736,1.2293766012765444,1.062183121061858,1.0007721208983387,1.1094603826348115,0.9184438665133772,0.9080221335546962,1.1264934808571665,0.8966267869433051,1.103032521454196,1.089354758777042,0.9763062940506809,0.9750323651266829,1.0146093331207668,1.0792597534095019,0.9927740969869236,0.7017161533211402,0.8238994364974274,0.9770336672561669,0.9455511725805287,0.9733884344249685,1.1698899619690508,0.9955320252084426,1.0955594309137946,0.8954609911461137,1.0878436989131601,1.0002381249084806,0.9595659582502191,1.2120937962989915
4.5,1.0866659815890218,1.0094728504718955,0.8214728115296701,1.1899850233970481,1.055357198333752,1.0033400321486459,1.1106754601697635,0.9210974836403407,0.8894669359179039,1.1287090896772654,0.8805516781523645,1.0927464999832874,1.0749710241306254,0.9896201142965668,0.9874876874417399,1.0122871523145158,1.0488552623510565,0.9854532531918704,0.6950457352312847,0.8370952247612322,0.9952243513057034,0.9592326869267062,0.9749612545372558,1.1436259482494133,1.0059084183438345,1.1051569188541306,0.8928224336448137,1.0701766810926865,1.0110387813405481,0.9457759565122096,1.2143050829866275,1.0359655531049354,1.0087257688669757,0.8183856530529311,1.2291590918743316,1.0621134326966322,1.0007008626294016,1.1092030298241071,0.918829919060898,0.9077194111990319,1.1258126467464127,0.8960817894547772,1.1019543344880436,1.0894630484676593,0.9768571041113762,0.9756441362475253,1.014762376060664,1.0791077723194764,0.992844441244171,0.7002460811106128,0.8237631240075642,0.9773643508883468,0.9462339370159997,0.973073572670408,1.1691399390665074,0.995388006610723,1.0956940894247817,0.8952303367316035,1.0881385653509645,1.0003551407527382,0.9588215252691138,1.212255381434016
4.58,1.0860910008795899,1.0098876606825729,0.8200993281241501,1.189610529943259,1.055560983452604,1.0033365300021986,1.1104177620539561,0.9212639955274472,0.8893428277380184,1.1280188212380493,0.8800544353096293,1.091821536737923,1.0750372243137911,0.9900592546753275,0.9880601768774072,1.0123738717195148,1.0486682994175718,0.9852760070731268,0.6933811687244706,0.8370049611636937,0.9956697556896894,0.9598674825864872,0.9747373376280831,1.1424336842940455,1.0057728857526322,1.1051587733981147,0.8926007631614653,1.070380781663388,1.0110102635521985,0.9458025592904845,1.214705981490047,1.0361466997377238,1.0089093086392802,0.8169532812910397,1.228722063721159,1.0620539305732217,1.000644079353696,1.1089411324890257,0.9192685061583732,0.9074064551303077,1.125178515044748,0.8955134454773224,1.1009838326947712,1.0895857171742855,0.9773522441438308,0.9762447197491069,1.0149009863160994,1.0789398571058042,0.9929237616569346,0.6987496646836333,0.8236065298157014,0.977710606252041,0.9468799439194271,0.9727675371812871,1.16843547084579,0.9952910275479929,1.0958642144412414,0.8950006561447704,1.0883879640596124,1.0004818045825505,0.9580444614071528,1.2124031597797296
4.67,1.0854163827043097,1.0103322571032753,0.8185240434593061,1.188953291026527,1.0557999033866694,1.0033483380865564,1.110135014058413,0.9214759943644781,0.8892204654909709,1.127317016452907,0.8794629633347999,1.090928763088808,1.0751337643413676,0.990505388049913,0.9886758935344926,1.012470200426656,1.0484891104450227,0.9851042564063923,0.6914408497857024,0.8368762915216419,0.9961574308399559,0.9605327451866278,0.9745017152695618,1.1411393091120732,1.0056805882488538,1.1051945044410902,0.8923533701996206,1.070569053236071,1.01098321036811,0.945840378661828,1.21515905716529,1.0364236886380331,1.0090795582544965,0.8153199207756631,1.2279680135418334,1.061999166426555,1.0005975003088738,1.1086410658602655,0.9198247118472752,0.9070421470678514,1.12452094085374,0.8948461521526401,1.1000207356105474,1.0897409068868136,0.9778427335997112,0.9769070034872385,1.015039671285318,1.0787319062332514,0.993023726432184,0.6970347066320536,0.8234061183779343,0.9781187566215226,0.9475627649482624,0.9724337974014345,1.1676973961781034,0.9952381530465888,1.0960979986420811,0.8947434295129791,1.088614189461833,1.000635833748822,0.957131260462674,1.212552906990809
4.75,1.0847920422132438,1.010707840529402,0.817097020793992,1.1881593597394589,1.0560208648172664,1.003372832382974,1.1098900490710328,0.9216863692987599,0.8891270407872164,1.1267596319407582,0.878908700444505,1.0902665731801906,1.075239190873893,0.9908593736704155,0.9891980114891992,1.0125547320565746,1.0483575152050864,0.984976168006497,0.6896559604013726,0.836737809088866,0.9965790045008882,0.9610806385937632,0.9743067479858079,1.1400304616328243,1.0056520363888943,1.1052561717512845,0.8921352309730227,1.0706996576834726,1.0109636336069685,0.945881010321497,1.2155636265289693,1.036734966716906,1.0091986844647989,0.8138485405102178,1.2270645080428713,1.0619613100670025,1.0005714763937847,1.108369511410884,0.9203749348634038,0.9067074443588754,1.1239860517713898,0.8942281968862154,1.0992790648096447,1.0898941310024588,0.9782195748221547,0.9774838132978908,1.0151476120862717,1.0785301310068292,0.9931221211754191,0.6954823087451134,0.8232064255693222,0.9784981019146846,0.9481306620960975,0.9721465177263733,1.1670897316562667,0.9952411329957117,1.09634348998267,0.8945158183099607,1.088766969246023,1.000782999547937,0.9562848559788948,1.2126713459092369
4.83,1.0841444735896437,1.011064964292211,0.8156448031828926,1.1871680459426124,1.0562499092180966,1.0034105014760337,1.109651076144089,0.9219173856670065,0.8890480553663469,1.1262647810413473,0.8783276045906525,1.0897280413123953,1.0753630768649405,0.9911732864635023,0.9896964252175712,1.0126382341452789,1.0482519753503488,0.9848712126507656,0.687814448486447,0.8365766354395078,0.996989363703913,0.9615876368231832,0.9741254040551922,1.1389608689658668,1.0056738284024611,1.1053459862455777,0.8919187535143073,1.0707956757199097,1.010948264388042,0.9459282438077043,1.2159699233563002,1.0371074831233478,1.0092874984106297,0.8123588033019238,1.225941483792949,1.0619336399492652,1.000559927471927,1.1080934124371258,0.9209776924294869,0.9063625079368397,1.1234978650981293,0.8935868951308635,1.0986450791816216,1.0900617341341132,0.9785407460163579,0.9780494354892824,1.0152411202027636,1.0783124216567601,0.9932294920741703,0.6939035666417211,0.8229864510587106,0.9788930189393606,0.9486618017118892,0.9718680643167517,1.1665276218162564,0.9952911524798244,1.0966244478287313,0.8942891809346198,1.088874281301056,1.0009398133326066,0.9554058206142599,1.2127759780383538
4.92,1.0833881940109245,1.0114446634590615,0.8139809425367717,1.1858168841399406,1.056517245844387,1.0034686272048376,1.109389393986017,0.9222019520453202,0.8889764562231924,1.1257828209884853,0.877641797978316,1.089270002963046,1.0755245134263833,0.991478538804205,0.9902288067039493,1.0127309433715883,1.0481643873413902,0.98478078909242,0.685675065963553,0.8363681919891589,0.9974376130255983,0.9621091273141674,0.9739376762975478,1.1378044989833567,1.005758521079048,1.1054806722326502,0.8916772027051747,1.0708623544415452,1.010936003344555,0.9459892727254717,1.2164290721459436,1.0375997630190172,1.009351181471063,0.8106609066593441,1.2244156880047798,1.0619146868089808,1.0005642370751837,1.1077773689648538,0.9217185898955728,0.9059622219769079,1.1230044790640754,0.8928375243060473,1.0980605627833038,1.0902674750747978,0.9788355205292052,0.9786723877534502,1.0153290652656708,1.0780484523807607,0.9933610136461556,0.6920959922041771,0.822714736762351,0.979355913677447,0.9492153970421342,0.971565354376336,1.165949700326865,0.9954036513436183,1.0969829189628726,0.8940353779157567,1.0889406592179605,1.0011277611980929,0.9543779017292731,1.212877185755762
5,1.0826912656056902,1.0117625604373197,0.8124751856658783,1.1844061325098147,1.0567634665569619,1.0035342927407622,1.1091631541875002,0.9224768314607422,0.8889281542784537,1.1254208540161414,0.8770036820769037,1.0889942444319978,1.0756876257667904,0.9917072968390338,0.9906768489513608,1.0128122576852123,1.048114215180201,0.9847249914555368,0.6837132311711117,0.8361587995045634,0.9978241415055694,0.9625292232909416,0.9737852819923509,1.1368183227925182,1.0058872938238579,1.1056302994931535,0.8914642565032099,1.0708848763546828,1.0109295751528369,0.946050535093073,1.2168390398335347,1.0381024108715435,1.0093755818548917,0.8091321609474962,1.2228261864090677,1.0619086624551013,1.0005834475139426,1.1074916128767955,0.9224329833803091,0.9055955389146203,1.1226155350101295,0.8921466112617256,1.0976554081476502,1.0904656336154714,0.9790383929133972,0.9792142362539126,1.015391903927681,1.0777968830179414,0.9934874588753784,0.6904612686408242,0.82245166363499,0.9797839206315909,0.9496684269023336,0.971305656780774,1.1654843941857356,0.9955536298395837,1.0973392431330629,0.8938108099242302,1.0889513523485352,1.0013050769520653,0.95342952574282,1.2129524784575934
5.08,1.081971109067922,1.0120619977522602,0.8109442338491996,1.1827979983699104,1.0570177702397696,1.0036131330733289,1.1089429064494196,0.9227723523101291,0.8888942916166004,1.1251214206565354,0.8763387332119338,1.088842143941772,1.0758691975657193,0.991895982046447,0.9911011869724375,1.0128925424576218,1.048090098404211,0.9846923268628177,0.6816947738480745,0.8359267158033857,0.9981994555276331,0.9629084240900003,0.9736465110402923,1.1358714014139712,1.0060664104421935,1.1058080739377552,0.8912529720691277,1.0708728118568553,1.010927354503334,0.9461183992872129,1.2172507349847772,1.038666297051639,1.009369669974249,0.8075850582927995,1.221017166062396,1.0619128243430376,1.0006171329459326,1.10720131226436,0.9231999114149999,0.9052186221392731,1.1222732933652726,0.891432351728477,1.0973579386848769,1.090678171172154,0.9791855952693487,0.9797448971351141,1.0154403099052292,1.0775293795314755,0.9936228802601172,0.6888002008610192,0.8221683088056295,0.9802274993172492,0.9500846992304894,0.9710547854506517,1.165064642726432,0.9957506478705391,1.0977310338087254,0.893587215760381,1.0889165777499537,1.0014920406915924,0.9524485188755113,1.2130139643701137
5.083,1.0819436513379899,1.0120728675534325,0.8108863330356443,1.1827338536330287,1.0570274638669053,1.0036163458767662,1.1089347637235425,0.9227838358823762,0.8888933026559557,1.1251114083797353,0.8763132756445032,1.0888388457087137,1.0758763656023334,0.9919022782000042,0.99111663852695,1.0128955331087934,1.0480897008837764,0.9846915519505904,0.6816179802132951,0.8359175712495189,0.998213311647209,0.962921848580961,0.9736415721463818,1.1358366554910462,1.006074106661046,1.1058152880301182,0.8912450812294278,1.070871686624411,1.0109273530788223,0.9461210726206499,1.2172662071575153,1.0386886340602335,1.009368858610455,0.8075266848433444,1.2209450574736938,1.0619131785680702,1.000618677733485,1.1071903375861931,0.923229693177468,0.9052042886824981,1.1222613678113924,0.8914051128338129,1.0973488783931515,1.0906864210473255,0.9791900324016788,0.9797645792840033,1.0154418443685724,1.0775190381822342,0.9936281331763201,0.6887373983419408,0.8221572884570443,0.9802444364368009,0.9500995943939297,0.9710455494742171,1.165049788227628,0.9957589511126539,1.0977464158934271,0.8935788499232282,1.0889143892130881,1.0014992395152937,0.952411096345383,1.213016001506635
5.16,1.0812277243976198,1.0123429754038826,0.8093880870867353,1.180992481720228,1.0572801568928103,1.0037051482025383,1.1087286507717755,0.9230885145934808,0.8888748682376321,1.1248845209096667,0.8756469513834063,1.088813701492368,1.0760692288231704,0.9920445944264447,0.9915018207671797,1.012971797688817,1.04809203701342,0.9846827953142624,0.6796196939944417,0.8356719408856257,0.9985635550917892,0.9632467297113435,0.9735213634413722,1.134963734847716,1.0062958709340555,1.1060139955664559,0.8910433494029278,1.0708261609480636,1.0109293413960467,0.9461928653078909,1.2176641575996714,1.0392914215593034,1.0093334458291343,0.8060195986952539,1.2189886269647643,1.0619271724727888,1.000665293371154,1.1069064671275484,0.9240193739996453,0.9048314716508661,1.1219777541295053,0.8906947457063014,1.0971681543949832,1.0909050877448456,0.9792771275970598,0.9802643703970549,1.0154742831983155,1.0772459419213627,0.993767277800372,0.6871127888647622,0.8218646722742693,0.9806866497344215,0.9504642140266019,0.9708127403859693,1.1646904459489547,0.9959947054364838,1.0981582909898606,0.8933645954242093,1.0888363354222153,1.001688652416674,0.951434881127347,1.2130616434933232
5.17,1.0811331680857634,1.0123767996652584,0.8091917972218017,1.1807529136812989,1.057313523558285,1.0037175764465784,1.1087022901288193,0.9231294862297255,0.8888734555773389,1.1248593053359537,0.8755585919620902,1.0888188408921877,1.0760955306610291,0.9920603533532666,0.9915502332881084,1.0129816322030998,1.048094111358843,0.9846832304128608,0.679356327741055,0.8356384985447398,0.998608279020737,0.9632861424718282,0.9735066778835246,1.1348530366309233,1.0063280932991456,1.1060417148689254,0.89101726341270715,1.0708178977274436,1.0109298856004478,0.9462026377514041,1.2177159568888214,1.039373867942669,1.0093267864798996,0.8058226255230165,1.2187196246653833,1.0619296822091353,1.0006723311972683,1.1068692919485765,0.9241255006582696,0.9047823582818657,1.1219440954881734,0.8906009034035267,1.0971520029724646,1.0909344633409952,0.979284654839163,0.9803285179253183,1.015477515061825,1.0772093918520296,0.9937859586288386,0.6869000100375109,0.8218252916506773,0.9807451384239403,0.950509068862144,0.9707831053496727,1.164646874415336,0.996028520099531,1.0982141918761688,0.8933368363544464,1.0888231081815416,1.0017139072562933,0.9513058820500162,1.2130666325938508
5.25,1.0803636517663606,1.0126370101956483,0.8076073061453289,1.1787253417081156,1.0575850035528376,1.0038244132220102,1.1084947755191656,0.9234688701262876,0.8888702763916163,1.124692755903415,0.8748366230495604,1.088929513738709,1.0763163288093178,0.9921638838024217,0.9919241998282246,1.013059729200429,1.0481253622764009,0.9846997235389898,0.677217547540502,0.8353581960083246,0.998959762319747,0.9635784410182413,0.9733968565568849,1.1339895317284956,1.0066141906487247,1.106279302079737,0.8908095102353754,1.0707323371063169,1.0109366059781533,0.946284530826938,1.2181313229003239,1.0400678855688488,1.0092564610372543,0.8042365143647661,1.2164441269729218,1.0619554898609291,1.0007367759898749,1.1065693342218412,0.9250040646116138,0.9043836948662665,1.1217010964626313,0.8898370325813081,1.0970833645020608,1.0911775563066968,0.9793135583851034,0.9808354051155906,1.0154952515848916,1.0769080283528136,0.993940454344049,0.6851829607977452,0.8214988382045675,0.9812218070390663,0.9508472314347075,0.97055098983361,1.1643239266549132,0.9963254971423392,1.0986813488759606,0.8931153115744117,1.088691714658502,1.0019213729651235,0.9502555345608893,1.2130987790790855
5.33,1.0795709073144244,1.0128787610627203,0.8059976201230707,1.1765003872251538,1.0578645665176232,1.0039444247940845,1.1082932529699483,0.9238288954568148,0.8888815364887788,1.1245887400836139,0.8740878211734732,1.0891638446260523,1.0765555864161283,0.9922273414241612,0.992274462142006,1.013136796656544,1.048182668579158,0.984739349709283,0.6750221448093532,0.8350552022553274,0.9993000311608496,0.96382984438693875,0.9733006585833837,1.1331652816383593,1.0069506318718298,1.1065450364746476,0.8906034188259261,1.0706121900742251,1.0109475338980736,0.94637302572901,1.218548416375478,1.0408231415225977,1.0091558233301376,0.8026320462636667,1.2139491105295002,1.0619914837545383,1.0008156957757128,1.106264831970729,0.9259351631149124,0.9039747977376076,1.1215047998461785,0.8890498152701626,1.0971224112045368,1.0914350282884078,0.9792867919028033,0.9813311046866022,1.0154985554234963,1.0765907307299507,0.9941039262147754,0.6834395673415276,0.8211521030564581,0.9817140473857064,0.9511486364752277,0.9703277005829872,1.1640465335763168,0.9966695137201371,1.0991839723812247,0.8928947606220544,1.0885148534063054,1.0021384866595078,0.9491725561909068,1.2131171187750094
5.42,1.0786513049288267,1.0131286657218668,0.804156607514396,1.1737613796506023,1.058188736528363,1.0040951858117795,1.1080737024868192,0.9242585969176939,0.8889114635534103,1.1245464694953127,0.8732133452861226,1.0895752768762337,1.0768468160453049,0.992250831697098,0.9926401732869697,1.0132222669211906,1.0482782824973802,0.9848115803677148,0.6724846351182082,0.8346872111883843,0.9996694288253724,0.9640637906596103,0.9732087200274926,1.1322849220547733,1.007389304909147,1.106877632349915,0.8903735523222178,1.0704356830937662,1.010964857135789,0.9464804737396254,1.2190197113939227,1.0417460034089878,1.0090063732810055,0.8008050773666807,1.2108798235236442,1.0620441526270186,1.0009217826751275,1.1059168348114337,0.927045444135366,0.9035025559827248,1.1213397901260336,0.8881362894450783,1.0972950561780304,1.0917418716854057,0.9791901365295845,0.9818753940028426,1.0154850206737807,1.0762147246470581,0.9942985613802329,0.6814467601320549,0.8207377830429134,0.9822864308610023,0.951443780408292,0.9700870503214449,1.1637889184435164,0.9971127593143271,1.0997918173819694,0.8926478048290482,1.088261536352577,1.0023942719234236,0.9479152014249036,1.2131212475050754
5.5,1.0778092006952558,1.013331189804388,0.8024933822323439,1.1711169873343614,1.0584854758048936,1.0042431938267184,1.107884913066029,0.9246624852953962,0.8889534071267038,1.1245753376025789,0.8724075233624755,1.0900723811003243,1.0771253000014749,0.9922291345605794,0.9929400641197905,1.013297146602225,1.0483909564936855,0.9849003642568561,0.6701689095095436,0.8343359986001496,0.9999858669434213,0.9642282917756622,0.9731414716794101,1.1315440884407562,1.007832726863495,1.1072031795110353,0.890170992169519,1.0702420399383747,1.0109847260829177,0.9465829975230915,1.219440475729337,1.0426313908088212,1.0088413220118868,0.7991616007620275,1.207918329734433,1.0621017922844855,1.001031461821582,1.105602675446021,0.9280881785573178,0.903071912213814,1.1212427361288955,0.8872994608449628,1.0975629338728763,1.0920298990761355,0.9790450712372735,0.982347319882925,1.0154576550579038,1.0758635670114454,0.9944811075814309,0.6796473852158765,0.8203479492780548,0.9828117611371103,0.9516670756932197,0.9698825168848815,1.1636083290638004,0.9975567349039778,1.1003698072113628,0.8924293232605053,1.0879880561759225,1.0026318875871112,0.9467628824331027,1.2131102477737135
5.58,1.0769438683291512,1.0135152542235915,0.8008049620045062,1.168275212508342,1.0587902980516568,1.0044043766382997,1.1077021157056752,0.9250870151070636,0.8890097899828823,1.1246667393225824,0.8715748684752708,1.090693143365237,1.077422243416167,0.9921673645966451,0.9932162507262768,1.0133709967420452,1.0485296858751898,0.9850122811901615,0.6677965613702832,0.8339620947953328,1.0002910906035627,0.9643518977139985,0.9730878466844658,1.1308425096390304,1.008326492691369,1.1075568738562547,0.8899700937847027,1.0700138103720191,1.0110088025722614,0.946692123133096,1.2198629675284027,1.0435780165362238,1.0086459584782963,0.7974997672145254,1.204737317194262,1.0621696181837679,1.001155615961268,1.1052839715562317,0.9291834475292243,0.9026310347318435,1.1211923845408465,0.8864392857559205,1.0979384967406018,1.0923323054828744,0.9788443359167217,0.9828080581437466,1.015415856757565,1.0754964752521858,0.994672629938145,0.6778216660832461,0.8199378338111964,0.9833526631447326,0.951853613446104,0.969686809713758,1.163473294365911,0.9980477500286183,1.1009832635462287,0.8922118155196398,1.0876691082701113,1.002879151236353,0.9455779325604463,1.2130854412530403
5.67,1.0759426045401141,1.0137002616288857,0.7988753734145548,1.1648422820478508,1.059142884754622,1.0046014553004403,1.1075036310600173,0.9255892841092254,0.8890904801514068,1.1248443134665618,0.8706060579504131,1.0915393109151839,1.0777783695792102,0.992049973835699,0.9934986267005333,1.0134528475258602,1.0487169007570027,0.9851658389569821,0.6650599880950127,0.8335143299200927,1.000621062439504,0.9644420718775137,0.9730438027294516,1.1301001552549064,1.0089421559090515,1.1079884246756195,0.8897460694337066,1.0697157105405124,1.011040917950578,0.9468227806901354,1.220340335661248,1.044716169417974,1.008389941874381,0.7956082621903364,1.2008962845795625,1.0622580980626304,1.0013125915087615,1.104919997553425,0.9304784203268617,0.902122815079485,1.1211915629776559,0.885443682430702,1.098489722400001,1.092689700108029,0.97855196560047,0.9833130159860233,1.0153515821015378,1.0750644507658467,0.9948988219003386,0.6757362424878092,0.8194522109390593,0.9839797909886332,0.952019531680578,0.9694771892916524,1.1633758324114056,0.9986563689880062,1.1017157954802752,0.8919682833395618,1.0872559437310663,1.0031688551994835,0.944205859853935,1.2130410304894352
5.75,1.0750279123923752,1.0138450992635386,0.7971334139269232,1.1615810693885524,1.0594648833131302,1.0047906345548867,1.1073335668280904,0.9260576769680681,0.8891775464837162,1.1250685991136327,0.8697163830156486,1.0924228465168437,1.0781145393432618,0.9919030491135067,0.9937244418260588,1.0135245098905998,1.0489109978320552,0.9853269136091356,0.6625673170782364,0.8330922072800384,1.000902455376592,0.9644787755632045,0.9730191273599262,1.1294819929292998,1.0095429024681688,1.1084019317870488,0.8895487023056408,1.0694139848508568,1.01107393546713,0.9469459351815338,1.2207664983205737,1.0457929265914614,1.0081301647787886,0.7939074201392805,1.1972487946936015,1.0623475697257707,1.001467505009064,1.1045916365493353,0.9316853252174215,0.9016601909572628,1.1212404540089218,0.8845338960526897,1.0990941162600962,1.0930226619237868,0.9782329314699071,0.9837499805559157,1.0152791143467175,1.074663498993837,0.9951094185875242,0.6738545418952181,0.8189989968554516,0.9845537829257233,0.9521279596778698,0.9693002379345884,1.1633376014123968,0.9992473431244997,1.10240461813927,0.8917528449825108,1.086840376900797,1.0034366208180285,0.9429515693594605,1.2129868845414769
5.83,1.0740899921121023,1.0139714772348738,0.795366259493506,1.1581224742194756,1.0597949648418712,1.0049929886059752,1.1071694946566,0.9265467112608755,0.8892790520989108,1.125355418373441,0.8687998751173266,1.0934300401593255,1.0784691685658356,0.9917160515638987,0.9939265527252498,1.0135951427141254,1.0491311502923066,0.9855111213054532,0.6600180235308645,0.8326473934234019,1.001172633855772,0.9644745840711796,0.9730080753435391,1.1289030854159847,1.010193992900812,1.1088435860825767,0.8893529969454577,1.0690776727502367,1.0111111605258971,0.9470756914994708,1.2211943884435512,1.0469309220925174,1.0078400754187247,0.7921882211453757,1.1933817860566804,1.062447227630726,1.0016368935025979,1.1042587310208691,0.9329447646579356,0.9011873331219807,1.121336047449277,0.8836007631857504,1.0998061952930716,1.0933700027555537,0.977858227311104,0.9841757575065473,1.0151922139074352,1.0742466130981805,0.9953289914302259,0.6719464970861749,0.8185255010698443,0.9851433465943275,0.9521996301431184,0.9691321128429641,1.1633449250952141,0.9998853567959828,1.1031289073037374,0.8915383804531374,1.0863793423413712,1.003714034422128,0.94166464798413,1.2129189318042073
5.92,1.0730070669196259,1.0140915873863159,0.7933480949222779,1.1539956208730444,1.0601759682370615,1.0052363849125612,1.1069920758484133,0.9271215478043201,0.8894105053713284,1.125752837249701,0.8677367299549618,1.094710943009038,1.0788901912627455,0.9914577797690697,0.9941255935287991,1.0136733740171089,1.04940996613771,0.9857460061806625,0.6570823866714683,0.8321198547398647,1.0014631798631324,0.9644209861255385,0.9730119259894018,1.1282987362313224,1.01098664629886,1.1093740918460389,0.8891348147471737,1.0686579800676828,1.0111580680448151,0.947229558602934,1.221677829690797,1.0482843659696282,1.0074774922600263,0.7902321799939838,1.1887690078331377,1.062571518515971,1.0018447576981702,1.1038787801745507,0.9344244292327568,0.9006431355721467,1.121499414043041,0.882523082360398,1.1007360016383763,1.093777948608865,0.977370142051819,0.9846413838748602,1.0150771993450964,1.073758570208395,0.9955867401891555,0.6697684571047735,0.8179685753391148,0.9858252188068329,0.952236322679002,0.9689535222602954,1.1634076163190044,1.0006593491205686,1.1039861261710857,0.8912982718859876,1.0858063303170096,1.0040376570844731,0.9401778573371107,1.212825981546931
6,1.0720197868577188,1.0141787385731005,0.7915274012290667,1.1501175878706884,1.0605232260775472,1.0054667354065148,1.10684073680535,0.9276544451443028,0.8895426944626538,1.1261725404365768,0.8667632020090799,1.0959809099882671,1.079284046834679,0.9911856274612036,0.9942773329470294,1.0137418190655538,1.0496854862915097,0.9859793715958284,0.6544127702465804,0.831626822047991,1.0017095276192591,0.964329892380868,0.9730298235984335,1.127803245194127,1.011744717462746,1.1098755589077767,0.888942640643741,1.068248171843763,1.0112042341307905,0.947373343802265,1.2221093906740343,1.0495524929167686,1.00712298933796,0.7884739724965251,1.1844355218504272,1.0626928221847842,1.0020449055523206,1.1035362175317842,0.9357955045919244,0.9001485310966129,1.1216942501027105,0.8815403382044887,1.1016769116637213,1.0941558448496511,0.9768771390830048,0.9850433871345626,1.0149596294513326,1.0733078242999883,0.9958253873623287,0.6678044308357698,0.8174519809367582,0.9864478724049051,0.9522298833886581,0.9688041529827306,1.1635117437007023,1.001397321803905,1.104785781659682,0.8910858767404285,1.0852486768331258,1.0043355726578755,0.9388215953399621,1.2127286893823759
6.08,1.0710092786632779,1.014247430096567,0.7896815125900704,1.1460421723585539,1.060878566888266,1.0057102606971104,1.1066953898227225,0.9282079839182505,0.8896893228368642,1.1266547772361901,0.8657628410996404,1.0973745350083184,1.079696361865134,0.9908734023259219,0.994405368138925,1.0138092345727847,1.0499870618305083,0.9862358700551581,0.6516865312910969,0.8311110981395349,1.001944660917478,0.964197903458482,0.9730613445606034,1.1273470089692224,1.0125531325001584,1.1104051731536135,0.8887521283081907,1.0678037772088784,1.011254607758981,0.9475237308281342,1.2225426791209235,1.0508818581914783,1.0067381741514223,0.7866974080562175,1.1798825171167564,1.062824312095413,1.0022595283997022,1.1031891103646407,0.9372191145010464,0.8996436929080193,1.1219357885714696,0.8805342475596525,1.1027255068619457,1.0945481201064464,0.9763284660859498,0.9854342027750043,1.0148276268731067,1.0728411442679349,0.9960730106910181,0.6658140603503141,0.816915104832402,0.9870860977344913,0.9521866865662707,0.9686636099706056,1.1636614257642268,1.0021823340222307,1.1056209036537508,0.8908744554225468,1.0846455556200854,1.0046431362168324,0.937432702461958,1.21261759042851
6.083,1.0709709327462205,1.0142496469305589,0.7896118016456782,1.1458855045702132,1.0608920494076983,1.005719649186474,1.1066900558751747,0.9282291431626686,0.8896951022900721,1.1266740775903608,0.8657248055805423,1.0974292014818956,1.0797121827729301,0.990860914341628,0.9944097083373431,1.0138117426265119,1.0499988777718858,0.9862459387573828,0.6515831958451007,0.8310913170778951,1.0019532602599097,0.9641921583348885,0.9730627916134764,1.127330663739559,1.0125844274097262,1.110425581238523,0.888745016422186,1.0677864395962944,1.011256578619883,0.9475294987677613,1.222558961042248,1.0509329006661208,1.0067231539136574,0.7866304297898021,1.1797075091135416,1.0628294411212968,1.0022678583403317,1.103176005440672,0.9372735218338056,0.8996245623982476,1.1219457547718499,0.8804960649983037,1.102766923995008,1.094563110145372,0.9763068078925422,0.9854486407273649,1.0148223960156084,1.0728233337982336,0.9960824711801192,0.6657389089797737,0.8168945774360046,0.9871103341031904,0.9521843516365657,0.9686585113060959,1.1636679250225288,1.002212687046372,1.1056529106628927,0.8908665460671178,1.0846220540851776,1.0046548575337624,0.9373799842064287,1.2126131556325417
6.17,1.0698446920673623,1.014302642994157,0.7875747720375652,1.141221396126183,1.0612879869756813,1.0059999746481423,1.1065390368520072,0.9288553880029778,0.8898715392131749,1.1272720408447303,0.8646053612997686,1.0990901731577962,1.080182281095911,0.99047424949721,0.9945210737717671,1.0138838463949367,1.0503574786395025,0.9865520820387563,0.6485518308475752,0.8305037856477007,1.002195781096257,0.9640005334036844,0.9731130898073428,1.1268806649840222,1.0135227760785717,1.111034633861173,0.888539788262619,1.0672624916752773,1.0113163074185,0.9477008074780214,1.22303219348257,1.0524505930639492,1.006269024437941,0.7846768307776225,1.1744979932843702,1.0629844139870401,1.0025182812433535,1.1027931826748105,0.9388834708530513,0.8990635174607097,1.122263343322188,0.8793744892341662,1.1040338938931564,1.0950066171879143,0.975644665883632,0.9858604976693535,1.0146618724044567,1.0722970829747027,0.9963623162466838,0.6635434039829483,0.8162868762430799,0.9878227143156015,0.9520941534035641,0.9685160492273737,1.1638842701663121,1.0031216997120145,1.1066028094544007,0.8906377704683255,1.083912696110407,1.0050006775783922,0.9358311938744305,1.2124761006775626
6.25,1.068784824091287,1.0143321077330731,0.7856753441387748,1.1367265427807696,1.0616605040981448,1.006271496381603,1.1064064229978072,0.9294527898241007,0.8900488510635163,1.127887161571411,0.8635479803427694,1.1007465715145943,1.0806338224757255,0.9900768696036701,0.9945987374827021,1.0139490741270871,1.0507144218720492,0.9868577382169343,0.6457052690145757,0.8299398429040072,1.0024070836714225,0.9637816422286528,0.9731735603949317,1.126507845235237,1.014438171847227,1.1116240608732197,0.8883528071838194,1.0667446009170931,1.011375622073899,0.9478652233852848,1.2234691527897188,1.0539100897847433,1.0058197956894013,0.7828612578337611,1.1694785112049098,1.063137549661527,1.0027636634513517,1.102436418393367,0.9404187166808267,0.8985369326318642,1.1226041244102618,0.8783187873003601,1.1053113200837508,1.0954294478537285,0.974977694076566,0.9862275396188659,1.0144992003717492,1.0717965429298995,0.9966290139058447,0.6614970520375318,0.8157069015219746,0.9884940295746555,0.9519728468255843,0.9683942620293081,1.1641307559287173,1.0040066709421933,1.1075132977725985,0.8904284185342582,1.0832129559729087,1.0053287431066522,0.9343729603746079,1.2123356622964108
6.33,1.0677017279826777,1.0143431128086713,0.783750721294199,1.1320343069255774,1.0620411041908413,1.006556192911706,1.1062798012040433,0.9300708330791887,0.8902406021967427,1.1285648159108292,0.8624637664222125,1.1025266279122148,1.0811038233140622,0.989639416882715,0.9946526969673024,1.014013272318023,1.0510974204897952,0.9871865274392763,0.6428020846509805,0.8293532089437315,1.0026071717886804,0.9635218558759056,0.9732476543356589,1.1261742802987433,1.0154039114894085,1.1122416350693651,0.8881674878729021,1.0661921237479441,1.011439144271513,0.9480362411190866,1.2239078395605196,1.0554308248331066,1.0053402546763899,0.781027327947051,1.1642395103744898,1.0633008715778287,1.0030235206525813,1.102075109587547,0.9420064970585567,0.8980001140899591,1.1229916079074247,0.8772397388776267,1.106696431447225,1.095866657535552,0.9742550522412596,0.9865833939491176,1.0143220956545798,1.071280068761449,0.9969046877205215,0.6594243558756634,0.8151066450988695,0.9891809165652239,0.9518147827155612,0.9682813010966826,1.1644227963729485,1.0049386817073618,1.108459252596269,0.8902200404278684,1.0824677481062535,1.0056664566204667,0.9328820959939299,1.2121814171259482
6.42,1.0664554799833228,1.0143334284524093,0.781555404760417,1.1265196078072668,1.0624789409704813,1.0068922245071832,1.106144514070799,0.9307908047051987,0.8904735816769462,1.12940192425165,0.8612119519848336,1.1046770013614582,1.0816546390787058,0.9890993830201199,0.9946850674294374,1.0140842646593435,1.05155943826238,0.9875840665312633,0.6394683206233333,0.8286661226436003,1.0028188661388782,0.9631807137119517,0.9733472941832749,1.1258459415130049,1.0165505452481869,1.112970050721022,0.8879609899800425,1.0655292453632959,1.0115156360716333,0.9482365273153976,1.2244034270365665,1.0572148507009378,1.0047645384081256,0.7789422145412529,1.1580832409332602,1.0634967844758383,1.0033331621443113,1.101663205054205,0.9438555451877452,0.8973839607451739,1.1234833508150976,0.8759979030520064,1.1083833991643415,1.0963757058451762,0.9733755370959086,0.986970357369503,1.0141056012796181,1.0706799890647705,0.9972255500729234,0.6570610831223332,0.8144071136509549,0.9899722775149389,0.9515930238542643,0.9681647701928873,1.1648057939533292,1.0060434207623437,1.1095658453302208,0.8899867790865754,1.0815750411112584,1.0060579166812411,0.9311658694658943,1.2119913878813298
6.5,1.065323024093079,1.0143052067434566,0.7795772426560472,1.1214079341187955,1.0628767173749225,1.0072049174801512,1.1060306254054624,0.9314527110074619,0.8906960162863038,1.1302124625181356,0.8600707180167169,1.106719831095826,1.082163866266402,0.9885767755409065,0.994688655433077,1.0141462750751993,1.0519978045736738,0.9879620134724536,0.6364448133822221,0.8280312698480872,1.0029951235330825,0.9628340251065589,0.9734503377494209,1.1255957930526304,1.0176232656216113,1.1136474376833774,0.8877792019258759,1.0649032720708471,1.0115880992964554,0.9484215739305933,1.2248457846676273,1.0588657171953855,1.0042205838331122,0.7770692761509888,1.15237776275705,1.0636817521559978,1.0036237787061577,1.1012922391340845,0.9455549614841284,0.8968253955630169,1.123970076931575,0.8748692433403034,1.1099973415201851,1.0968434709360189,0.9725345964505911,0.9873024380088256,1.0138978271079673,1.0701296548835701,0.9975202982180719,0.6549324055005041,0.8137637586111006,0.9906922544349749,0.9513568499886487,0.9680705650743211,1.165194638096441,1.0070753905393652,1.1105871664780202,0.889780470364,1.0807332143201451,1.0064161321643588,0.9296056644633981,1.2118078032835815
6.58,1.0641673400703016,1.0142585253711864,0.7775738856058919,1.1160988779205459,1.0632825767495968,1.0075307852497613,1.105922728800562,0.9321352587436901,0.8909328901785463,1.1310855343973585,0.8589026510850426,1.1088863188710159,1.0826915529126204,0.9880140952342775,0.9946685392103822,1.0142072559498405,1.0524622262701668,0.9883630934578077,0.6333646836105153,0.8273737258359919,1.0031601664693794,0.9624464413234506,0.9735670046687052,1.1253848994045474,1.0187463298685622,1.1143529718298317,0.8875990756395917,1.064242712367434,1.0116647700634926,0.9486132223723276,1.2252898697623393,1.0605778220174025,1.003646316993627,0.7751779808178759,1.14645276582988,1.0638769060779731,1.003928870261235,1.1009167286895871,0.9473069123304662,0.8962565966678001,1.124503505457142,0.8737172371396733,1.111718969048909,1.0973256150428703,0.9716379857770331,0.9876233310288872,1.0136756202518542,1.069563386578723,0.9978240225187364,0.6527773836622228,0.8131001218692466,0.9914278030865252,0.9510839185909896,0.9679851862211949,1.1656290369213795,1.0081543998513762,1.1116439541312921,0.8895751354691019,1.079845919799875,1.0067839956330307,0.9280128285800461,1.2116104118965223
6.66,1.0629884279149904,1.014193384335598,0.7755453336099511,1.1105924392125177,1.063696519094504,1.0078698278160139,1.1058208242560978,0.9328384479138829,0.891184203353674,1.1320211398893192,0.8577077511898108,1.1111764646870277,1.0832376990173609,0.9874113421002328,0.9946247187613527,1.0142672072832675,1.0529527033518589,0.9887873064873259,0.630227931308213,0.8266934906073142,1.0033139949477685,0.9620179623626265,0.9736972949411278,1.1252132605687557,1.0199197379890386,1.1150866531603847,0.8874206111211902,1.0635475662530562,1.0117456483727456,0.9488114726406,1.2257356823207035,1.0623511651669884,1.0030417378896703,0.7732683285419141,1.1403082501517503,1.0640822462417636,1.0042484368095441,1.1005366737207132,0.9491113977267583,0.8956775640595236,1.125083636391798,0.8725418844501163,1.1135482817505125,1.0978221381657307,0.9706857050752347,0.9879330364296881,1.0134389807112794,1.0689811841502288,0.998136722974917,0.6505960176074894,0.8124162034253931,0.9921789234695898,0.950774229661287,0.9679086336335083,1.1661089904281439,1.0092804486983769,1.1127362082900365,0.8893707744018814,1.0789131575504485,1.007161507087257,0.9263873618158385,1.2113992137201521
6.67,1.0628394306675077,1.0141839437610725,0.7752899930908331,1.1098902559162953,1.063748830221462,1.0079131344896843,1.105808507504789,0.9329277979109827,0.8912166327626428,1.1321424874704598,0.8575565020101568,1.1114714276200246,1.0833072652111306,0.9873331803377996,0.99461757450181,1.0142746288103293,1.0530158450063423,0.9888419596581834,0.6298318559987426,0.8266068657275636,1.0033324349909956,0.9619615270503403,0.9737145391171982,1.125194565818271,1.0200699538077056,1.1151803424255857,0.8873984198994442,1.0634582411317381,1.0117560540042143,0.9488367181150625,1.225791530352787,1.0625771388805936,1.00296403417058,0.7730283312848748,1.1395247507798072,1.064108629982365,1.004289400401044,1.1004888473127339,0.9493406522368385,0.8956044654255395,1.1251594365217692,0.872393323813919,1.113784517451931,1.0978852145806515,0.9705627556886491,0.987970962975309,1.0134083859705814,1.068907288478598,0.9981764416678742,0.6503214945229285,0.8123292875627395,0.9922739084048451,0.9507329340311024,0.9678996851568362,1.1661721876800555,1.009424512271556,1.1128752337985457,0.8893452977407375,1.078793365319564,1.0072093743930197,0.9261818841115024,1.2113718431582325
6.75,1.0616343868630957,1.0140980356042515,0.7732330967808838,1.1041617618847666,1.064171865907881,1.0082669987021595,1.1057133440283156,0.9336542086943861,0.8914841901310162,1.1331484432767502,0.8563314150309227,1.1139006887319616,1.0838741782067085,0.9866853452729125,0.9945470867981544,1.0143334219098905,1.053535634396383,0.9892921973623859,0.6266314033495199,0.825901102880231,1.003473647204239,0.9614870410145864,0.9738601556619012,1.1250670886463072,1.0212999987858993,1.11594568933825,0.8872218248699106,1.0627241853050253,1.01184166579846,0.9490423954381907,1.2262392863077594,1.064419375148695,1.0023253537690926,0.7710980274482081,1.1331332765068476,1.0643254296681979,1.0046252513167382,1.100103679753936,0.9512042390018295,0.8950139198900708,1.1257921076666508,0.871191706324319,1.1157349759730246,1.098397914096522,0.9695478462050799,0.9882680823044414,1.0131555096599867,1.0683071601610008,0.9984992402990104,0.6481104912246867,0.8116225522041364,0.9930425469858631,0.950381892877851,0.9678330621177695,1.1667033902038744,1.01060348059542,1.1140073877759464,0.8891420322296539,1.077809451874836,1.0075977398309948,0.9245197076063322,1.2111451123438877
6.83,1.0604061149261501,1.0139936677841126,0.7711510055251491,1.0982358853434593,1.064602984564533,1.0086340377112768,1.1056241726122784,0.9344012609117545,0.8917661867822748,1.134216932695778,0.855079495088131,1.1164536078847207,1.0844595506608083,0.9859974373806097,0.994452894868164,1.014391185468237,1.0540814791716233,0.9897655681107524,0.6233743281697015,0.8251726488163161,1.0036036449595749,0.9609716598011168,0.9740193955597427,1.1249788662866347,1.0225803876376192,1.1167391834350129,0.8870468916082596,1.0619555430673477,1.0119314851349206,0.9492546745878572,1.2266887697263833,1.0663228497443655,1.001656361103134,0.7691493666686924,1.1265222834829278,1.0645524155958461,1.0049755772256637,1.099713967670762,0.953120360316775,0.8944131406415424,1.1264714812206216,0.8699667423457921,1.1177931196669977,1.0989249926284017,0.9684772666932704,0.9885540140143131,1.0128882006649302,1.0676910977197567,0.9988310150856625,0.6458731437099926,0.8108955351435335,0.9938267572983955,0.9499940941925562,0.9677752653441425,1.1672801474095196,1.0118294884542738,1.1151750082588199,0.8889397405462477,1.0767800707009514,1.0079957532545243,0.9228249002203064,1.2109045747402318
6.92,1.058996544119917,1.0138541889201467,0.7687785370288136,1.0913333404532692,1.065097654728623,1.0090627045956453,1.105531017153977,0.9352663676203298,0.8921006924702644,1.1354937305011599,0.8536390113757379,1.119473451933495,1.0851401594931853,0.985175641450249,0.9943185949888848,1.0144549388478943,1.0547266988713895,0.9903257614195169,0.6196424369738031,0.8243260148995908,1.0037364876526098,0.9603429734188502,0.9742148246091124,1.1249265378998203,1.0240810017571278,1.1176655089748644,0.8868520780208242,1.0610494789806044,1.0120375612162436,0.9495013798770162,1.2271965034312313,1.0685374576029172,1.000867511725304,0.7669351810084883,1.1188225228240114,1.0648199505066205,1.0053869960135515,1.0992701094503967,0.9553387920003312,0.8937250315018064,1.1272916004422033,0.8685607515199036,1.1202372487559256,1.0995351433943397,0.9672063216618534,0.9888623144867711,1.0125702264773457,1.0669789812161852,0.9992149910315364,0.6433246381847341,0.8100533979784339,0.9947276069853199,0.9495138839340787,0.9677207941192205,1.1679834513464908,1.0132649742396518,1.116530974859375,0.8887133264308114,1.0755676687353235,1.0084550507137278,0.9208792378112546,1.210617466508271
