fineAGE,Left.Cerebellum.White.Matter,Left.Cerebellum.Cortex,Left.Thalamus.Proper,Left.Caudate,Left.Putamen,Left.Pallidum,Left.Hippocampus,Left.Amygdala,Left.Accumbens.area,Left.VentralDC,Right.Cerebellum.White.Matter,Right.Cerebellum.Cortex,Right.Thalamus.Proper,Right.Caudate,Right.Putamen,Right.Pallidum,Right.Hippocampus,Right.Amygdala,Right.Accumbens.area,Right.VentralDC
1,8.780988900204898,50.613835719627446,6.746845140517476,3.243811508808411,4.506271830051991,1.2292574731990489,2.9612180451935126,0.9373449841824654,0.6290725207537192,3.03101287846184,8.400017316997364,50.01344104581131,6.5068197650781014,3.4302771877241147,4.402798523612282,1.2798647589543142,3.0263156685916197,1.1513823219188797,0.5211829201537183,3.06943969234669
1.083,8.765750282095055,50.33460776170182,6.709143402495984,3.2146644424404025,4.4917217566891665,1.2243031319489996,2.9495285998377416,0.9344686999187368,0.6369116598634632,3.0279992047832502,8.377705437326487,49.74622718687094,6.475621803358042,3.4115036126267575,4.397363290440375,1.2781554933756758,3.020239026359279,1.1487409203260674,0.5259180198892183,3.073270125894125
1.17,8.75084346022929,50.04790341471763,6.670521035952365,3.1849171773534475,4.477050716388311,1.2193990351883974,2.9376800866407287,0.9315831496773544,0.6448893779823787,3.024862044670845,8.355536181713159,49.47150807130851,6.443608399765293,3.3923406095373316,4.391998620968158,1.2765160373615594,3.0141074985232272,1.1460292048402965,0.5307499332920413,3.0770645537837944
1.25,8.738099138886186,49.78966938887513,6.635815876140553,3.1582900669166394,4.464084244260986,1.2151505855541553,2.927150092518378,0.9290466138067162,0.6520091284734277,3.0219969475682547,8.336250800087853,49.22374585979456,6.414792333809818,3.3751849549139825,4.38736594554906,1.275145961222272,3.0086842685577806,1.1435871464576033,0.5350743912526164,3.0803544076245544
1.33,8.72627754909968,49.53661108067804,6.60188643848291,3.1323591926855343,4.45161994185206,1.211152257719559,2.9169699814395034,0.9266220239592321,0.6589218540428226,3.019150674732353,8.318019445555008,48.98063329346782,6.386571761548816,3.35847528605618,4.383021034422796,1.2739075925041294,3.0034669849879885,1.1411944036183599,0.5392851430568877,3.083453339067048
1.42,8.714081213153603,49.25810708395434,6.564643051505467,3.1040191790151703,4.438197851383539,1.2069531126192778,2.9059355760511734,0.9240281708616143,0.6664512108317268,3.01597111867324,8.29876906346451,48.71268943536307,6.355535418811862,3.340210000951531,4.3784769776620225,1.272671859223056,2.9978437112730267,1.1385615154097406,0.5438863244467362,3.086711425010678
1.5,8.704220427924863,49.01604717575374,6.532362023425431,3.0795678067211836,4.426800659626206,1.2034862936089294,2.8964989664396836,0.9218414663133331,0.6729240084426061,3.0131648474040524,8.282777516503138,48.47945736505915,6.328580270651612,3.3244480518455144,4.374743565658025,1.2717133687748454,2.9930640637939994,1.136273568100328,0.5478554506688625,3.0894046463568583
1.58,8.69528237425272,48.779162985198546,6.500856717499564,3.0558126706329,4.415905637587271,1.2002695963982268,2.8874122398716695,0.9197667077882062,0.6791897811318313,3.0103774004015538,8.267839996634226,48.25087493994244,6.302220616185834,3.3091320885050437,4.371297917946858,1.2708865857477796,2.9884903627106247,1.1340349363343651,0.5517108707346853,3.0919069453047734
1.66,8.68726705213717,48.54745451228875,6.470127133727867,3.0327537707503187,4.405512785266733,1.1973030209871705,2.878675396347131,0.9178038952862337,0.6852485288994019,3.007608777665744,8.253956503857772,48.02694216001294,6.276456455414527,3.29426211093012,4.3681400345285235,1.2701915101418586,2.9841226080229046,1.1318456201118519,0.55545258464420455,3.0942183218544237
1.67,8.6863300164353,48.518854870821976,6.46634047872037,3.0299203623732094,4.404248987534991,1.1969497857498261,2.877607892058058,0.9175664149282402,0.6859913159305445,3.0072640234050194,8.252295178540654,47.99927749069899,6.273277805968506,3.2924347221073944,4.367765532528072,1.2701138863691677,2.9835911192928837,1.1315754230831865,0.5559123039187793,3.0944938196920018
1.75,8.679352767320923,48.29296908026326,6.436483582372111,3.007644728222044,4.394421076147649,1.1942645973633714,2.869264666957429,0.9157295417023162,0.6918171606612542,3.0045165779692344,8.239597466243216,47.7805755616051,6.2481835756034805,3.2780664785187104,4.364931383939173,1.2695669816120343,2.979455054300274,1.1294415868470542,0.5595260984024572,3.096590408543603
1.83,8.673298249763143,48.07225900734996,6.407402408178021,2.9860653302765807,4.385095334478706,1.1918295307765625,2.8612713249002755,0.9140046144995465,0.6974359804703095,3.0017879568001384,8.227953781038238,47.56652327769842,6.223684838932927,3.2641442206955724,4.362384999643106,1.2691517842760456,2.975524935703318,1.1273570661543717,0.5630261867298313,3.0984960749969392
1.92,8.667589870074385,47.830146775320515,6.375613317597075,2.962620727427564,4.375204124842666,1.1893890545800418,2.8526970346613822,0.9121978818772323,0.7035096932788321,2.998740758866182,8.216114526941594,47.33127223731624,6.196835561235226,3.249014773004922,4.359864285566306,1.2688421187998953,2.9713497225827976,1.1250709278606337,0.5668278717081707,3.100411737827766
2,8.663496157074372,47.6204351024037,6.348180552980594,2.9425208314192197,4.366945493825317,1.1874854968174808,2.845447194071614,0.9107108399736654,0.7086885851293719,2.9960521392638,8.206710649308091,47.12710044943239,6.173602248665424,3.236040234933571,4.357929400392506,1.2687067997338388,2.9678572400766057,1.123091202697782,0.5700863344534,3.101911694184788
2.08,8.660325175630955,47.41589914713229,6.321523510518281,2.9231171716165774,4.3591890325263645,1.1858320608545658,2.8385472365253213,0.9093357440932529,0.7136604520582578,2.993382343928107,8.198360798767046,46.92757830673575,6.150964429790094,3.223511682627765,4.356282279511538,1.268703188088927,2.9645707039660674,1.1211607930783798,0.5732310910423255,3.1032207281435453
2.083,8.660224213839138,47.40832973269193,6.320538961645974,2.922403078343917,4.3589079339979575,1.1857749226565903,2.838295294435915,0.9092863556977191,0.7138428697864119,2.993282592793831,8.198068183492541,46.92018667651365,6.150127095795545,3.223050537733143,4.35622611039326,1.2687056147731695,2.9644514651629006,1.1210893620590832,0.5733468074743383,3.10326610287972
2.17,8.657860774070853,47.191982797449974,6.292461568135583,2.9021202741782344,4.351063263306565,1.1842709191099259,2.831203003861146,0.9079225717085904,0.7190063428765894,2.9904013250567285,8.190227108667328,46.70867367521486,6.126208684612022,3.2099501536441144,4.354773236776723,1.2688565565152379,2.9611195211427677,1.1190480297420822,0.5766330278149103,3.1044651794179705
2.25,8.656650597185203,46.99844524217505,6.267452935250878,2.8841961163127108,4.344373912659208,1.1831489919712586,2.8250465477822386,0.9067853611273807,0.7235382818469596,2.9877715312877493,8.184117065697759,46.51903202854104,6.104836289837444,3.198369321090095,4.353737615018024,1.2691328231402585,2.958270621122994,1.1172224156525108,0.57953615882169085,3.1053685032804137
2.33,8.65636315185615,46.81008340454554,6.243220024520342,2.8669681946528898,4.3381867317302465,1.1822771866322372,2.819239974746807,0.9057600965693253,0.7278631958956757,2.985160561785459,8.17906104982065,46.33404002705443,6.084059388757339,3.1872344743016225,4.352989757552154,1.2695407971864237,2.955627667498874,1.1154461171063892,0.582325583672168,3.1060809047445916
2.41,8.656998438083694,46.62689728456143,6.219762835943975,2.8504365091987713,4.332501720519683,1.181655503092862,2.8137832847548503,0.9048467780344243,0.7319810850227374,2.9825684165498574,8.175059061035999,46.15369767075502,6.0638779813717045,3.1765456132786962,4.352529664379117,1.2700804786537334,2.9531906602704083,1.1137191341037174,0.5850013023663416,3.106602383810504
2.42,8.65714272842471,46.60436293721036,6.216885230335893,2.8484190026252203,4.331826402926688,1.1815953793394776,2.81312579965735,0.9047404844223147,0.73248126472381625,2.982245721976659,8.174632923717855,46.131481804394824,6.061397176098893,3.1752408640249703,4.3524923861593265,1.2701571995151963,2.9529005149727947,1.1135067287275322,0.5853277722389982,3.106654144462615
2.5,8.658816087653424,46.42699949957733,6.194300729182966,2.8326705829025176,4.326706332649321,1.181255082824704,2.808062728089303,0.9039531051634621,0.736366250814017,2.9796747540410826,8.171816715412222,45.956370298931034,6.041885699119539,3.1650537369882836,4.352356027815726,1.270845051831294,2.950695197439439,1.1118352257112412,0.5878755715073303,3.106960835830479
2.58,8.661412178438733,46.25481177958971,6.172491950184206,2.817618399385518,4.322088432090353,1.1811649081095763,2.803349539564732,0.903277671927764,0.7400442119825633,2.977122610372195,8.170054534199046,45.78590843865445,6.022969715834658,3.155312595717144,4.352507433764956,1.271664611568536,2.9486958263017375,1.1102130382384,0.5903096646193589,3.107076604800078
2.67,8.66543573313595,46.067287194601654,6.148884304198006,2.8015169127685224,4.317493543703034,1.1813624352686969,2.7984654220499934,0.902651620018405,0.7439344588205131,2.974273949625973,8.169331972093179,45.59969662485614,6.002401035695839,3.1448869041474907,4.353021733714114,1.2727440477997702,2.9466927040728783,1.1084470248169835,0.5929121049804343,3.1069786329617
2.75,8.669992628479028,45.90609787461052,6.128723934776855,2.7879442311886407,4.313942753795659,1.181803769377817,2.7944957349928075,0.9022140720819096,0.747172492030544,2.9717618075237997,8.16980959845148,45.439115260602385,5.98475047651171,3.1360934826281364,4.353784638785613,1.2738434858069445,2.945130969025941,1.106929632873973,0.5951045725103178,3.1066886918349854
2.83,8.675472255378702,45.75008427226479,6.109339287509872,2.775067785814462,4.3108941336066815,1.182495225286583,2.790875930979097,0.9018884701685687,0.7502035003189207,2.969268489688315,8.171341251902236,45.283183541535834,5.967695411022053,3.127746046874329,4.354835308149942,1.2750746312352637,2.9437751803746575,1.1054615564744124,0.5971833338838979,3.106207828310005
2.92,8.682739788204579,45.580755569623875,6.088458789721921,2.7614140046081395,4.308064685635603,1.1835720868975843,2.787221871039077,0.9016559784968615,0.7533659251666797,2.966486008004671,8.174324253793296,45.11331813659881,5.949220263402862,3.1188882740116752,4.356361279441087,1.2766171013689596,2.9424960884430185,1.103868918010436,0.5993860260392186,3.105438644915226
3,8.69018021966202,45.43574036727463,6.070722552032546,2.7500170611710795,4.3060831760982206,1.184795051630598,2.7843455684927516,0.9015682618827233,0.7559570054965409,2.9640326917359,8.178095714815528,44.96726691355508,5.933430622013956,3.1114885580096536,4.3580234479276845,1.278128125067211,2.9415779358824996,1.102505637140706,0.6012231618306537,3.1045520712939316
3.08,8.698543382676055,45.29590088257079,6.05376203649734,2.7393163539397216,4.3046038362792345,1.1862681381632578,2.781819148989902,0.9015924912917395,0.758341060904748,2.9615981997338183,8.182921202930222,44.825865335698566,5.9182364743195235,3.1045348277731786,4.359973380707112,1.279770856186607,2.9408657297176344,1.1011916718144257,0.6029465914657852,3.1034745752743724
3.16,8.707829277246688,45.161237115512364,6.037577243116302,2.7293118829140663,4.303626666178646,1.1879913464955636,2.7796426125305276,0.9017286667239097,0.7605180913913006,2.9591825319984255,8.188800718137374,44.68911340302926,5.903637820319561,3.0980270833022496,4.362211077779373,1.2815452947271475,2.9403594699484223,1.0999270220315953,0.604556314944613,3.1022061568565475
3.17,8.709054893630592,45.144768062277,6.035608686907638,2.7281102781440727,4.3035398287243964,1.1882243342261396,2.7793951466246,0.9017535598576841,0.7607756637623158,2.9588818971127524,8.189609768818206,44.67234633962283,5.9018548592199584,3.097244973617524,4.362511023340244,1.2817763602227643,2.9403106680832156,1.0997724083078904,0.6047495354153514,3.1020341803231917
3.25,8.719378861202395,45.015926977569656,6.020296580950039,2.7188890728498336,4.303127599557006,1.190228929583047,2.7776122285891356,0.902015674565903,0.7627197912120075,2.9564874066773843,8.196675064504376,44.54082525778913,5.8879261356262775,3.0912389631328354,4.365072455241941,1.2836989696120926,2.9400360980091147,1.0985632385114406,0.6062313394683378,3.100550974207319
3.33,8.730625560330797,44.89226161050772,6.00576019714661,2.7103641037612967,4.303217540108011,1.1924836467396005,2.7761791935971463,0.9023897352972764,0.7644568937400448,2.954111740508705,8.204794387283004,44.41395382114265,5.874592905727069,3.0856789384136922,4.367921651436467,1.2857532864225656,2.939967474330668,1.0974033842584408,0.6075994373650206,3.09887684569318
3.42,8.744381049413992,44.75932467256105,5.990333995755156,2.701605733376322,4.303918972969414,1.1953191772543628,2.774985248806563,0.9029443641008729,0.7661636746074219,2.9514616169502177,8.215188517167913,44.27678123392819,5.860304823147132,3.079957002965037,4.371470965411586,1.2882218243611847,2.9401364429934693,1.0961574957093456,0.6090026331088323,3.096765239185598
3.5,8.757588553100158,44.64665770549559,5.977446021529335,2.6945602662249035,4.305076024172013,1.198105403235164,2.774295715281959,0.9035563101314489,0.7674608491769437,2.9491259523482527,8.225547647518017,44.15979029330453,5.8482370173486755,3.0753446979976804,4.3749316607283815,1.29055601944159,2.940505455405787,1.0951024369861766,0.6101291054233702,3.0946854005751456
3.58,8.771718788342922,44.53916645607554,5.965333769457683,2.688211035279188,4.306735245093011,1.201141751015611,2.77395606480083,0.9042802021851793,0.7685509988248114,2.9468091120129762,8.236960804960578,44.04744899786808,5.836764705244691,3.071178378795871,4.378680120338007,1.2930219219431398,2.9410804142137574,1.0940966938064571,0.6111418715816045,3.0924146395664285
3.67,8.788718255554775,44.42442540047602,5.952634716264478,2.681900370304887,4.309202118370655,1.2048566159822534,2.773992177584965,0.9052283912264277,0.7695299577019976,2.944225167517067,8.251060498842415,43.92662281951491,5.824570155184381,3.067024362054214,4.383241105655113,1.2959534937842203,2.94197341317378,1.0930241802148024,0.6121453191196615,3.0896318215024445
3.75,8.804809295355307,44.327932551052456,5.942170873770434,2.677030641296289,4.311928449943245,1.2084244725869482,2.7743960285712217,0.9061901685793609,0.7701801793913499,2.941948328748505,8.264713463856452,43.824162020101284,5.8143632671811485,3.0638057626041904,4.387601064387007,1.2986992745557027,2.942986008072515,1.0921232325649137,0.6129164596957509,3.086955350397413
3.83,8.821823066712435,44.2366154192743,5.932482753430557,2.6728571484933945,4.315156951234235,1.2122424509912892,2.7751497626009543,0.9072638919554485,0.7706233761590479,2.939690314246631,8.279420455962947,43.72635086587486,5.804751872872387,3.0610331489197127,4.392248787411732,1.3015767627483295,2.9442045493669045,1.0912716004584748,0.6135738941155365,3.0840879568941166
3.92,8.842066512052947,44.1400702460219,5.922510848435602,2.668994188929767,4.319389264928119,1.216836650409812,2.7764159329598073,0.9086056412343486,0.770874513046043,2.9371725488133,8.29722571384171,43.62187109638298,5.794650855331705,3.058447050885056,4.397821444070824,1.3049713684918718,2.9458215786241473,1.0903724618242607,0.614177593447839,3.0806339272737313
4,8.861041087967841,44.05975151424023,5.914471137673333,2.6663001980639907,4.3236848768707015,1.2211861376384008,2.7779131684569247,0.9099172499096391,0.7708777818552257,2.9349545358781404,8.314172513519683,43.533940438179386,5.7863048851236965,3.056622156952364,4.403080666217817,1.308128734954431,2.9474777560093006,1.0896256252476524,0.6145934022854797,3.077360823674121
4.08,8.8809383954393315,43.98460850010397,5.9072071490652345,2.6643024434039173,4.328482658531682,1.2257857466666353,2.7797602869975178,0.9113408046080838,0.7706740257427539,2.9327553472096697,8.33217334029011,43.450659425162996,5.77855440861016,3.0552432487852195,4.408627652657641,1.3114178088381345,2.9493398797901076,1.0889281042144938,0.614895504966817,3.073896797676245
4.083,8.881702494481825,43.98189132095618,5.9069498397124605,2.6642410715741036,4.328672344114272,1.225963097655828,2.7798363602613705,0.9113963656092571,0.7706623576068572,2.9326732438254153,8.332868875414785,43.447626837303915,5.7782753499541775,3.0552002155457965,4.408841262563894,1.3115437112297006,2.949413715732866,1.0889029065171816,0.6149046218772952,3.073763182664046
4.17,8.904425818908503,43.9062592091987,5.899962392268527,2.6628871892509633,4.334480412641806,1.2312592805370386,2.782256514931089,0.9130761141246357,0.7701973406395584,2.930303760838917,8.353684162165798,43.3625260645324,5.770546923589105,3.0542250694575612,4.41521198065872,1.3152754484841385,2.951680939344571,1.0882023405377204,0.6150994560933648,3.0697715564994588
4.25,8.926283930937762,43.84211459505892,5.894346813238036,2.662368936528008,4.340345304954381,1.236390398389521,2.7848471349390675,0.9147375541222833,0.7695536565685713,2.92814457373716,8.373924796507705,43.28912554753884,5.76406187117632,3.0537938810422025,4.421370466220812,1.3188444006377746,2.953980699216143,1.0876096150343926,0.6151599331925569,3.065901820405269
4.33,8.949064774523617,43.78314569856456,5.889506956361712,2.6625469200107554,4.3467123669853525,1.2417716380416493,2.7877876379905215,0.9165109401430852,0.7687029475759298,2.9260042109020925,8.39521945794207,43.22037467573249,5.758172312458009,3.0538086783923903,4.427816716075736,1.3225450602125552,2.956486405483368,1.0870662050745146,0.6151067041354455,3.0618411619128145
4.42,8.975796176121445,43.72299229000642,5.884989347763255,2.663579371268475,4.354475561511718,1.248124506363933,2.791513923498811,0.9186398098972889,0.7674984404825435,2.9236188035939175,8.420435843814683,43.148587723963175,5.7522583599565795,3.054358417771731,4.4354127154188,1.3268657337610208,2.959551495335052,1.0865138163551813,0.6149109070562387,3.057044709179626
4.5,9.000537824265068,43.675021793508535,5.881797900464541,2.665236856688341,4.361909734194285,1.2540372548403091,2.79519792801765,0.9206510812172937,0.7662078035313865,2.9215184423255636,8.443970312820523,43.08971734817964,5.74763422533902,3.0553209348737047,4.442470464395992,1.3308462716057339,2.9624948376930416,1.0860752019251338,0.6146160524169824,3.0525783405908578
4.58,9.026202203965287,43.63222701465606,5.879382175319995,2.6675905783139093,4.369846076595247,1.260200125116331,2.7992318155799647,0.9227742985604527,0.7647101416585755,2.9194369053238987,8.468558808918823,43.03549661758332,5.743605584415931,3.056729437741225,4.449815977666014,1.3349585168715914,2.9656441264466853,1.0856859030385364,0.6142074916214225,3.047921049603824
4.67,9.056177583691776,43.590269488445045,5.8775917149197845,2.671070734982303,4.379374711537853,1.267432327890495,2.804188158662973,0.9252967285523082,0.7627778125749981,2.917117677078302,8.497480758788363,42.980056074675296,5.739785164434131,3.0588470958275646,4.458423648351065,1.3397422243225183,2.9694332465955893,1.0853068892766438,0.613611946336461,3.042453385314234
4.75,9.083802767949761,43.55847310958906,5.876824399352848,2.6749039585449896,4.38837816459041,1.274126706990765,2.8089655476926727,0.9276578311946702,0.7608402227436717,2.915076141643351,8.524309062458137,42.9357158401018,5.737021947611795,3.0612033184468714,4.466380660743356,1.3441343478583083,2.9730201714399973,1.0850223859198767,0.612961759958756,3.0373903842308865
4.83,9.112350683764342,43.53185244837848,5.876832805940078,2.679433418313379,4.397883787361366,1.2810712078906805,2.8140928197658477,0.9301308798601863,0.7586956079906908,2.9130534304750886,8.55219139322037,42.89602525071551,5.734854224483931,3.0640055268317243,4.474625437428477,1.3486581788152432,2.9768130426800585,1.0847871981065595,0.6121978674247477,3.0321364607492733
4.92,9.14557004161949,43.5080908045146,5.877769493738117,2.685361280392446,4.409177862720211,1.2891827451167253,2.820279220423574,0.9330468700896936,0.7560354569169226,2.9108003812920704,8.584818907086838,42.85693111666877,5.733127337021758,3.067691103625063,4.484244779455515,1.3539049201686317,2.981326193126183,1.0845815593021075,0.6112025739340314,3.0259975849032825
5,9.176078761991839,43.492468543300504,5.879426309902956,2.6913702420979537,4.419750596142761,1.2966587548408885,2.8261499939641346,0.9357578040544127,0.7534509142054265,2.908817671690522,8.614941045420546,42.8271210233053,5.732225037994645,3.0714410317617022,4.493101055262905,1.3587086293954986,2.9855567004570096,1.084451167018621,0.610197055817878,3.0203379513253554
5.08,9.207510213920784,43.48202199973181,5.881858848221964,2.6980754400091644,4.430825499283706,1.304384886364698,2.8323706505481705,0.938580684042286,0.750659346572276,2.9068537863556623,8.646117210846713,42.801960575129044,5.731918232662005,3.0756369456638875,4.502245095363126,1.3636440460435102,2.989993154183489,1.0843700902785842,0.609077831545421,3.0144873953491635
5.083,9.208706843380432,43.481730938230314,5.881965158628957,2.6983404289007735,4.431250576921796,1.3046794819474747,2.8326107314886517,0.9386887197418129,0.7505506355043537,2.906780506846418,8.647306821170977,42.801107508451466,5.731918311675307,3.075802968252065,4.502593594781643,1.3638316862887376,2.9901635274992104,1.084368009242264,0.6090336486951321,3.0142642854627777
5.16,9.239864397406325,43.47675117380854,5.885067108695139,2.7054768741260773,4.442402572143051,1.3123611396881534,2.838941190175682,0.9415155100533137,0.7476607540174713,2.904908725287492,8.678347403365338,42.78144977214,5.732206921023837,3.080278845331619,4.5116768997561785,1.3687111701126664,2.994635554305623,1.0843383290819972,0.6078449011166605,3.008445916974706
5.17,9.243973549904592,43.47645623821507,5.885522684218252,2.706451007498905,4.443885015058793,1.313375758042623,2.839787108780615,0.9418902345094451,0.7472713735083168,2.904666916235222,8.682450288710106,42.7792128499436,5.732284877719459,3.0808904411642253,4.51287610873215,1.3693538212993601,2.995230334926834,1.0843378264315726,0.6076827898489503,3.007677307946771
5.25,9.277365806391304,43.47700809464287,5.889603632114867,2.714635707347234,4.456027028851334,1.3216333983906803,2.8467512668320363,0.9449509997965214,0.744039877916651,2.9027430324670767,8.715866261707745,42.76393289779016,5.733243496487571,3.086034074818197,4.522631647954638,1.3745691162173042,3.0001044247440785,1.0843615452213666,0.6063219399943482,3.001421041874265
5.33,9.311680794434613,43.482735668716074,5.894460302165651,2.723516643401265,4.468671212362272,1.3301411605383833,2.854065307926933,0.9481237111067519,0.7406013574033309,2.90083797296562,8.750336261797848,42.753302590823935,5.7347976089501556,3.091623694237715,4.532674951469958,1.3799161185563928,3.0051844609569764,1.0844345795546102,0.6048473839834426,2.9949738534034935
5.42,9.351388108547077,43.495365789546454,5.900851286360188,2.7343399163016797,4.483496168553599,1.3400113666681888,2.862711823734096,0.9518268218115628,0.7364855623491808,2.8987172819077576,8.790374903658167,42.74690127449977,5.737257786527236,3.0984451084450524,4.544317636180969,1.3860889277147044,3.0111456719975416,1.0845756906650392,0.6030525940812174,2.9874925544447
5.5,9.387663901148153,43.51209176361615,5.907356365988581,2.7447003542928297,4.497207462716132,1.3490506376401397,2.870769366296378,0.9552374184209962,0.7326071138773453,2.896852223973015,8.827084711319744,42.746151463556366,5.740077323090573,3.1049824476163566,4.554972438818557,1.3917158083237253,3.0166633443012043,1.0847535205281138,0.6013364124881668,2.980639655877615
5.58,9.424862425305825,43.53399345533125,5.914637167771141,2.7557570284896826,4.511420926597061,1.3583400304117363,2.879176791902135,0.9587599610535837,0.7285216404838555,2.895005990304961,8.864848546073778,42.75005129780017,5.7434923533483815,3.111965772553207,4.565915005748975,1.3974743963538907,3.0223869630005202,1.0849806659346377,0.5995065247388126,2.9735958349122646
5.67,9.467813717546951,43.56481945850876,5.923755300163927,2.76902800680077,4.528011323204629,1.369089570993422,2.8890533652840165,0.9628566319960464,0.7236780234395146,2.8929514783096772,8.908592751931023,42.75999639033729,5.74804606344509,3.1203551054675436,4.578569361801972,1.404110239414664,3.029072204338306,1.0852951520025071,0.5973119866308326,2.9654433243970693
5.75,9.50697304626239,43.59771955022035,5.932684511524096,2.7815641829347415,4.543291897737152,1.3789104725892667,2.898204292357159,0.9666170599278371,0.7191526220875094,2.891145246208337,8.948596394256535,42.77377672060393,5.75272651780365,3.1282861501561796,4.590123427854659,1.410148705714762,3.0352334591283863,1.085627092938862,0.5952404732993335,2.957993793335405
5.83,9.547055106534424,43.63579535957734,5.942389445038434,2.794796595274415,4.559074641988074,1.3889814959847573,2.9077051024737774,0.9704894338827819,0.7144201958138499,2.889357838373686,8.989654063674505,42.79220669605777,5.758002465856682,3.1366631806103626,4.6019652582001775,1.4163188794360044,3.041600660314121,1.0860083494186665,0.5930552538115308,2.9503533398754755
5.92,9.593250376904209,43.68481724510198,5.954234725629468,2.8105152789961765,4.577430479011881,1.4006103710183235,2.918811733430377,0.9749796650628964,0.7088487567793181,2.8873695054409803,9.037103833528676,42.81849819745617,5.7646497084730175,3.1466204322316984,4.6156312855951604,1.4234177563992392,3.049009931949127,1.0864962104439764,0.5904609674977963,2.9415296178038783
6,9.635293241734011,43.73389145445546,5.965588068721414,2.8252271932729687,4.594280333914397,1.4112129032380618,2.9290560450143803,0.9790899243170441,0.7036764025471431,2.8856220991730432,9.080401310518122,42.84680866893283,5.771191080626802,3.1559451824376676,4.628084615062947,1.4298678083904142,3.0558147692256257,1.0869822624536116,0.5880341224278485,2.933483454247636
6.08,9.67825883812041,43.788141381454345,5.977717133967529,2.840635343755463,4.61163235853531,1.422065557257446,2.939650239641859,0.983312129594346,0.6982970233933141,2.883893517171795,9.124752814600026,42.8797687855967,5.778327946475059,3.165715918409183,4.640825708823564,1.4364495678027334,3.0628255528977784,1.0875176300066967,0.5854935712015973,2.925246368293127
6.083,9.679887997997211,43.79027643759912,5.978187064134288,2.8412266933684958,4.612292828228897,1.4224773974338067,2.9400543282589697,0.9834726399922266,0.6980912693933664,2.8838290615375612,9.126436500123878,42.88109524010063,5.778607163157644,3.1660909968249604,4.641309097754346,1.4366989459016224,3.0630924635864614,1.0875386656313686,0.585396088590541,2.9249337635325543
6.17,9.727698086618854,43.85535914932611,5.992289562756811,2.858801732887899,4.631753635975358,1.4345737667428928,2.951986928173177,0.9881959210121123,0.6919977623685913,2.8819713633016675,9.175908148451121,42.9224066958564,5.787068721611021,3.1772410887375178,4.655503407560534,1.4440114786684297,3.070958854830004,1.0881788659894471,0.5824995366821081,2.9157514346651285
6.25,9.772624487563018,43.920607476321486,6.006067037580534,2.8756893853075116,4.650172771247865,1.4459579295865246,2.9633246242680413,0.9926560115886172,0.6861784552562468,2.880282782867133,9.222499460104501,42.96524730854309,5.795471011560031,3.1879595444608193,4.668856000443419,1.4508731163506816,3.0784072745929216,1.088819029072363,0.5797173598737118,2.9071086386143064
6.33,9.81847362006378,43.99103152096227,6.020620234558424,2.8932732739328273,4.6690940762387685,1.4575922142298026,2.9750122034063806,0.9972280481882763,0.6801521232222478,2.8786130266992878,9.270144798850339,43.012737566417,5.804468795203512,3.1991239859496674,4.682496357619136,1.457866461454078,3.086061640751492,1.0895085076987283,0.5768214769090121,2.898274920165219
6.42,9.871156846690884,44.07644517118116,6.037919811545956,2.9138873684759363,4.690980794095058,1.4709797581671296,2.988578949512417,1.0025053998436946,0.6731250402073343,2.8767570518917385,9.325005696698362,43.071721885537976,5.815303102859101,3.212217074985001,4.698185727698092,1.465891406222236,3.0949189729809388,1.0903431186389192,0.5734276941837683,2.888108774980819
6.5,9.918966783749413,44.15786761581843,6.054121418101456,2.9329507590383703,4.710969209737557,1.4831455516346552,3.0010100301181417,1.0073153217425566,0.6666587802148202,2.875127297290607,9.374890843015676,43.1290926394347,5.8255663106033335,3.2243292362256355,4.712437583996076,1.4731646295955645,3.1030109752302737,1.0911373927951153,0.5702901856369234,2.8788693464354176
6.58,9.96769945236454,44.24446577810111,6.071098746811123,2.952710385806507,4.731459795098452,1.495561466901827,3.013790993767342,1.0122371896645728,0.6599854953006515,2.873516366956164,9.425830016425447,43.19111303851864,5.836425012042039,3.2368873832318164,4.726977204586891,1.480569560390038,3.1113089238752627,1.0919809824947613,0.5670389709337751,2.869438995491751
6.66,10.017354852536263,44.336239658029186,6.08885179767496,2.9731662487803465,4.752452550177746,1.5082275039686446,3.0269218404600178,1.0172710036097434,0.6531051854648288,2.871924260888411,9.47782321692768,43.257783082789786,5.847879207175216,3.249891516003543,4.741804589470539,1.4881061986056558,3.1198128189159053,1.092873887737857,0.5636740500743231,2.859817722149819
6.67,10.023626657120301,44.34807531066714,6.091125471996905,2.97577218576029,4.755111953370982,1.5098283452910344,3.0285877974480964,1.0179081015576428,0.6522305902955471,2.871726571211193,9.484396478270396,43.266443766500906,5.8493528522172555,3.251548390974149,4.743678246007835,1.4890575390606573,3.1208902864019303,1.0929889683923926,0.5632454400027765,2.8586016387509496
6.75,10.074320130293195,44.4456718729463,6.10975121028418,2.997011314465545,4.7766696493834715,1.522775769382454,3.042112262564682,1.0230678547788619,0.6451173774228631,2.870155642443464,9.537575459251645,43.338344661607664,5.8614769777567135,3.2650542577321153,4.758829365720918,1.496742348125063,3.129625871137683,1.0939373536218693,0.5597525997174833,2.848765577710969
6.83,10.125936335022683,44.548444152870864,6.129152670725625,3.0189466793765027,4.798729515114359,1.5359733152735193,3.055986610724743,1.0283395540232354,0.6377971396285249,2.8686035379424246,9.591808467325352,43.414895201901636,5.874196596990643,3.2790061102556285,4.774268249726832,1.5045588646106134,3.1385674022690897,1.0949350543947955,0.5561460532758864,2.8387385942727232
6.92,10.185107517907102,44.670249567784026,6.1519065441096545,3.044456184740959,4.8241471138031295,1.5511195281146073,3.072013471980216,1.034404026153957,0.6293144126332295,2.8668799212600313,9.654080493167227,43.50657233874519,5.889217969685487,3.2952350367049608,4.791980962489761,1.5135098771836946,3.1488727950929776,1.0961164152498677,0.5519527741391331,2.8272300259755205
